index,time,dataset,n_clusters,cluster,num sample,history turn,data ratio,slot acc,turn acc,dialogue acc,checkpoint,feature
0,23-07-25 13:41:44,multiwoz2.2,1,0,0,4,100,42.0,39.04,21.31,,transformer
1,23-07-25 13:47:12,multiwoz2.2,1,0,0,4,100,56.0,53.26,38.9,,transformer
2,23-07-25 13:52:04,multiwoz2.2,1,0,0,4,100,64.25,61.73,47.08,,transformer
3,23-07-25 13:57:00,multiwoz2.2,1,0,0,4,100,65.75,64.01,45.86,,transformer
4,23-07-25 14:02:04,multiwoz2.2,1,0,0,4,100,67.5,65.52,48.63,,transformer
5,23-07-25 14:07:10,multiwoz2.2,1,0,0,4,100,67.17,64.17,48.24,,transformer
6,23-07-25 14:12:17,multiwoz2.2,1,0,0,4,100,67.83,65.44,46.58,,transformer
7,23-07-25 14:17:33,multiwoz2.2,1,0,0,4,100,69.67,66.57,48.61,,transformer
8,23-07-25 14:22:45,multiwoz2.2,1,0,0,4,100,70.33,67.1,49.02,,transformer
9,23-07-25 14:27:53,multiwoz2.2,1,0,0,4,100,70.58,67.43,49.17,,transformer
10,23-07-25 14:32:54,multiwoz2.2,1,0,0,4,100,71.5,68.76,50.7,,transformer
11,23-07-25 14:37:56,multiwoz2.2,1,0,0,4,100,73.25,70.59,53.95,,transformer
12,23-07-25 14:43:04,multiwoz2.2,1,0,0,4,100,73.42,70.72,53.15,,transformer
13,23-07-25 14:48:05,multiwoz2.2,1,0,0,4,100,75.67,73.24,52.7,,transformer
14,23-07-25 14:53:03,multiwoz2.2,1,0,0,4,100,76.0,73.24,55.08,,transformer
15,23-07-25 14:58:02,multiwoz2.2,1,0,0,4,100,77.25,74.9,56.55,,transformer
16,23-07-25 15:03:01,multiwoz2.2,1,0,0,4,100,74.33,71.86,53.55,,transformer
17,23-07-25 15:07:59,multiwoz2.2,1,0,0,4,100,76.5,74.48,57.14,,transformer
18,23-07-25 15:12:51,multiwoz2.2,1,0,0,4,100,76.0,73.13,56.21,,transformer
19,23-07-25 15:17:41,multiwoz2.2,1,0,0,4,100,75.75,73.62,56.5,,transformer
20,23-07-25 15:22:33,multiwoz2.2,1,0,0,4,100,77.0,74.33,58.33,,transformer
21,23-07-25 15:26:46,multiwoz2.2,1,0,0,4,100,72.91,60.25,31.83,save/multiwoz2.2/attraction/4/1-cluster/best,transformer
22,23-07-25 15:26:49,multiwoz2.2,1,all,0,4,100,72.91,60.25,31.83,save/multiwoz2.2/attraction/4/1-cluster/best,transformer
23,23-07-25 15:36:35,multiwoz2.2,2,0,0,4,100,50.58,47.89,30.08,,transformer
24,23-07-25 15:42:26,multiwoz2.2,2,1,0,4,100,27.67,27.67,3.69,,transformer
25,23-07-25 15:47:40,multiwoz2.2,2,0,0,4,100,63.92,61.82,46.54,,transformer
26,23-07-25 15:52:59,multiwoz2.2,2,1,0,4,100,51.17,51.17,23.99,,transformer
27,23-07-25 15:57:58,multiwoz2.2,2,0,0,4,100,66.08,64.33,46.2,,transformer
28,23-07-25 16:02:49,multiwoz2.2,2,1,0,4,100,62.0,62.0,37.87,,transformer
29,23-07-25 16:07:46,multiwoz2.2,2,0,0,4,100,66.58,65.66,50.14,,transformer
30,23-07-25 16:12:27,multiwoz2.2,2,1,0,4,100,72.17,72.17,46.86,,transformer
31,23-07-25 16:17:38,multiwoz2.2,2,0,0,4,100,68.58,65.99,52.32,,transformer
32,23-07-25 16:22:21,multiwoz2.2,2,1,0,4,100,72.0,72.0,49.26,,transformer
33,23-07-25 16:27:33,multiwoz2.2,2,0,0,4,100,68.08,66.18,48.47,,transformer
34,23-07-25 16:32:17,multiwoz2.2,2,1,0,4,100,73.83,73.83,51.48,,transformer
35,23-07-25 16:37:31,multiwoz2.2,2,0,0,4,100,70.17,68.58,51.62,,transformer
36,23-07-25 16:42:08,multiwoz2.2,2,1,0,4,100,76.33,76.33,52.79,,transformer
37,23-07-25 16:47:30,multiwoz2.2,2,0,0,4,100,71.08,69.48,52.72,,transformer
38,23-07-25 16:52:05,multiwoz2.2,2,1,0,4,100,78.5,78.5,56.46,,transformer
39,23-07-25 16:57:16,multiwoz2.2,2,0,0,4,100,72.42,70.53,55.06,,transformer
40,23-07-25 17:01:50,multiwoz2.2,2,1,0,4,100,77.08,77.08,51.84,,transformer
41,23-07-25 17:06:53,multiwoz2.2,2,0,0,4,100,72.17,70.32,56.25,,transformer
42,23-07-25 17:11:24,multiwoz2.2,2,1,0,4,100,79.58,79.58,56.34,,transformer
43,23-07-25 17:16:33,multiwoz2.2,2,0,0,4,100,71.42,69.89,54.14,,transformer
44,23-07-25 17:21:00,multiwoz2.2,2,1,0,4,100,80.17,80.17,55.72,,transformer
45,23-07-25 17:25:57,multiwoz2.2,2,0,0,4,100,72.5,70.99,56.42,,transformer
46,23-07-25 17:30:27,multiwoz2.2,2,1,0,4,100,80.92,80.92,59.26,,transformer
47,23-07-25 17:35:25,multiwoz2.2,2,0,0,4,100,71.58,70.17,53.26,,transformer
48,23-07-25 17:39:51,multiwoz2.2,2,1,0,4,100,84.75,84.75,63.84,,transformer
49,23-07-25 17:44:48,multiwoz2.2,2,0,0,4,100,72.25,70.83,56.79,,transformer
50,23-07-25 17:49:15,multiwoz2.2,2,1,0,4,100,85.5,85.5,66.54,,transformer
51,23-07-25 17:54:11,multiwoz2.2,2,0,0,4,100,72.0,70.78,57.06,,transformer
52,23-07-25 17:58:37,multiwoz2.2,2,1,0,4,100,85.42,85.42,68.63,,transformer
53,23-07-25 18:03:35,multiwoz2.2,2,0,0,4,100,72.08,70.7,55.0,,transformer
54,23-07-25 18:08:03,multiwoz2.2,2,1,0,4,100,84.25,84.25,64.31,,transformer
55,23-07-25 18:13:01,multiwoz2.2,2,0,0,4,100,73.33,71.48,56.44,,transformer
56,23-07-25 18:17:32,multiwoz2.2,2,1,0,4,100,84.33,84.33,64.31,,transformer
57,23-07-25 18:22:33,multiwoz2.2,2,0,0,4,100,71.75,70.55,54.34,,transformer
58,23-07-25 18:27:02,multiwoz2.2,2,1,0,4,100,85.83,85.83,68.75,,transformer
59,23-07-25 18:31:59,multiwoz2.2,2,0,0,4,100,74.0,73.0,56.56,,transformer
60,23-07-25 18:36:25,multiwoz2.2,2,1,0,4,100,86.08,86.08,67.41,,transformer
61,23-07-25 18:41:16,multiwoz2.2,2,0,0,4,100,74.92,73.24,58.22,,transformer
62,23-07-25 18:45:42,multiwoz2.2,2,1,0,4,100,86.33,86.33,68.15,,transformer
63,23-07-25 18:50:32,multiwoz2.2,2,0,0,4,100,75.92,74.25,56.82,,transformer
64,23-07-25 18:54:59,multiwoz2.2,2,1,0,4,100,86.25,86.25,68.63,,transformer
65,23-07-25 18:59:46,multiwoz2.2,2,0,0,4,100,75.67,74.47,59.44,,transformer
66,23-07-25 19:04:12,multiwoz2.2,2,1,0,4,100,86.42,86.42,68.89,,transformer
67,23-07-25 19:08:59,multiwoz2.2,2,0,0,4,100,74.5,72.47,57.85,,transformer
68,23-07-25 19:13:23,multiwoz2.2,2,1,0,4,100,87.17,87.17,69.03,,transformer
69,23-07-25 19:18:08,multiwoz2.2,2,0,0,4,100,75.25,73.58,57.85,,transformer
70,23-07-25 19:22:36,multiwoz2.2,2,1,0,4,100,87.17,87.17,69.74,,transformer
71,23-07-25 19:27:21,multiwoz2.2,2,0,0,4,100,78.42,77.28,64.25,,transformer
72,23-07-25 19:31:47,multiwoz2.2,2,1,0,4,100,86.75,86.75,70.96,,transformer
73,23-07-25 19:36:37,multiwoz2.2,2,0,0,4,100,76.92,75.21,60.88,,transformer
74,23-07-25 19:41:08,multiwoz2.2,2,1,0,4,100,86.83,86.83,71.11,,transformer
75,23-07-25 19:45:53,multiwoz2.2,2,0,0,4,100,76.25,74.56,59.78,,transformer
76,23-07-25 19:50:19,multiwoz2.2,2,1,0,4,100,88.5,88.5,74.26,,transformer
77,23-07-25 19:55:04,multiwoz2.2,2,0,0,4,100,75.92,74.43,58.24,,transformer
78,23-07-25 19:59:30,multiwoz2.2,2,1,0,4,100,87.75,87.75,73.33,,transformer
79,23-07-25 20:04:16,multiwoz2.2,2,0,0,4,100,72.25,70.97,58.63,,transformer
80,23-07-25 20:08:43,multiwoz2.2,2,1,0,4,100,89.58,89.58,75.65,,transformer
81,23-07-25 20:13:28,multiwoz2.2,2,0,0,4,100,75.25,73.79,59.56,,transformer
82,23-07-25 20:17:55,multiwoz2.2,2,1,0,4,100,88.58,88.58,73.53,,transformer
83,23-07-25 20:22:23,multiwoz2.2,2,1,0,4,100,87.58,87.58,70.22,,transformer
84,23-07-25 20:26:48,multiwoz2.2,2,1,0,4,100,88.08,88.08,74.91,,transformer
85,23-07-25 20:31:14,multiwoz2.2,2,1,0,4,100,89.17,89.17,76.01,,transformer
86,23-07-25 20:35:40,multiwoz2.2,2,1,0,4,100,88.75,88.75,74.35,,transformer
87,23-07-25 20:38:47,multiwoz2.2,2,0,0,4,100,70.87,65.5,41.58,save/multiwoz2.2/attraction/4/2-cluster/best,transformer
88,23-07-25 20:39:35,multiwoz2.2,2,1,0,4,100,87.55,87.55,70.71,save/multiwoz2.2/attraction/4/2-cluster/best,transformer
89,23-07-25 20:39:37,multiwoz2.2,2,all,0,4,100,76.8,65.19,39.35,save/multiwoz2.2/attraction/4/2-cluster/best,transformer
90,23-07-25 20:49:33,multiwoz2.2,3,0,0,4,100,27.25,27.25,4.07,,transformer
91,23-07-25 20:55:11,multiwoz2.2,3,1,0,4,100,55.83,55.83,32.71,,transformer
92,23-07-25 21:01:00,multiwoz2.2,3,2,0,4,100,52.08,52.08,21.94,,transformer
93,23-07-25 21:06:27,multiwoz2.2,3,0,0,4,100,48.33,48.33,21.48,,transformer
94,23-07-25 21:11:36,multiwoz2.2,3,1,0,4,100,62.58,62.58,44.81,,transformer
95,23-07-25 21:17:00,multiwoz2.2,3,2,0,4,100,63.08,63.08,37.05,,transformer
96,23-07-25 21:21:39,multiwoz2.2,3,0,0,4,100,61.5,61.5,34.69,,transformer
97,23-07-25 21:26:42,multiwoz2.2,3,1,0,4,100,64.08,64.08,46.84,,transformer
98,23-07-25 21:31:40,multiwoz2.2,3,2,0,4,100,66.42,66.42,43.68,,transformer
99,23-07-25 21:36:13,multiwoz2.2,3,0,0,4,100,69.92,69.92,44.81,,transformer
100,23-07-25 21:41:45,multiwoz2.2,3,1,0,4,100,62.83,62.83,44.61,,transformer
101,23-07-25 21:47:15,multiwoz2.2,3,2,0,4,100,65.0,65.0,41.01,,transformer
102,23-07-25 21:51:45,multiwoz2.2,3,0,0,4,100,75.67,75.67,51.11,,transformer
103,23-07-25 21:57:20,multiwoz2.2,3,1,0,4,100,63.17,63.17,45.56,,transformer
104,23-07-25 22:02:33,multiwoz2.2,3,2,0,4,100,66.92,66.92,44.29,,transformer
105,23-07-25 22:07:06,multiwoz2.2,3,0,0,4,100,77.5,77.5,52.94,,transformer
106,23-07-25 22:12:45,multiwoz2.2,3,1,0,4,100,63.42,63.42,45.19,,transformer
107,23-07-25 22:17:30,multiwoz2.2,3,2,0,4,100,69.75,69.75,50.18,,transformer
108,23-07-25 22:21:59,multiwoz2.2,3,0,0,4,100,80.58,80.58,57.2,,transformer
109,23-07-25 22:27:30,multiwoz2.2,3,1,0,4,100,63.42,63.42,44.24,,transformer
110,23-07-25 22:32:13,multiwoz2.2,3,2,0,4,100,70.08,70.08,48.56,,transformer
111,23-07-25 22:36:42,multiwoz2.2,3,0,0,4,100,82.75,82.75,56.46,,transformer
112,23-07-25 22:42:19,multiwoz2.2,3,1,0,4,100,64.0,64.0,45.56,,transformer
113,23-07-25 22:46:56,multiwoz2.2,3,2,0,4,100,71.83,71.83,50.18,,transformer
114,23-07-25 22:51:25,multiwoz2.2,3,0,0,4,100,83.0,83.0,56.67,,transformer
115,23-07-25 22:56:02,multiwoz2.2,3,2,0,4,100,71.83,71.83,50.36,,transformer
116,23-07-25 23:00:32,multiwoz2.2,3,0,0,4,100,85.0,85.0,63.47,,transformer
117,23-07-25 23:05:13,multiwoz2.2,3,2,0,4,100,70.83,70.83,51.25,,transformer
118,23-07-25 23:09:39,multiwoz2.2,3,0,0,4,100,86.08,86.08,65.19,,transformer
119,23-07-25 23:14:19,multiwoz2.2,3,2,0,4,100,72.0,72.0,52.86,,transformer
120,23-07-25 23:18:49,multiwoz2.2,3,0,0,4,100,84.67,84.67,61.25,,transformer
121,23-07-25 23:23:30,multiwoz2.2,3,2,0,4,100,69.92,69.92,50.18,,transformer
122,23-07-25 23:27:58,multiwoz2.2,3,0,0,4,100,85.0,85.0,61.4,,transformer
123,23-07-25 23:32:31,multiwoz2.2,3,2,0,4,100,72.67,72.67,53.76,,transformer
124,23-07-25 23:37:00,multiwoz2.2,3,0,0,4,100,88.33,88.33,71.59,,transformer
125,23-07-25 23:41:40,multiwoz2.2,3,2,0,4,100,71.17,71.17,51.8,,transformer
126,23-07-25 23:46:07,multiwoz2.2,3,0,0,4,100,87.17,87.17,68.89,,transformer
127,23-07-25 23:50:45,multiwoz2.2,3,2,0,4,100,70.75,70.75,49.1,,transformer
128,23-07-25 23:55:13,multiwoz2.2,3,0,0,4,100,85.58,85.58,62.36,,transformer
129,23-07-25 23:59:47,multiwoz2.2,3,2,0,4,100,72.75,72.75,55.4,,transformer
130,23-07-26 00:04:14,multiwoz2.2,3,0,0,4,100,89.08,89.08,74.26,,transformer
131,23-07-26 00:08:48,multiwoz2.2,3,2,0,4,100,70.25,70.25,50.18,,transformer
132,23-07-26 00:13:16,multiwoz2.2,3,0,0,4,100,87.25,87.25,68.89,,transformer
133,23-07-26 00:17:49,multiwoz2.2,3,2,0,4,100,70.67,70.67,51.25,,transformer
134,23-07-26 00:22:16,multiwoz2.2,3,0,0,4,100,87.83,87.83,69.89,,transformer
135,23-07-26 00:26:51,multiwoz2.2,3,2,0,4,100,73.17,73.17,52.16,,transformer
136,23-07-26 00:31:19,multiwoz2.2,3,0,0,4,100,88.83,88.83,73.53,,transformer
137,23-07-26 00:35:54,multiwoz2.2,3,2,0,4,100,71.83,71.83,54.12,,transformer
138,23-07-26 00:40:23,multiwoz2.2,3,0,0,4,100,87.92,87.92,72.59,,transformer
139,23-07-26 00:44:56,multiwoz2.2,3,2,0,4,100,70.33,70.33,51.61,,transformer
140,23-07-26 00:49:25,multiwoz2.2,3,0,0,4,100,88.5,88.5,72.96,,transformer
141,23-07-26 00:53:59,multiwoz2.2,3,2,0,4,100,67.5,67.5,47.48,,transformer
142,23-07-26 00:58:32,multiwoz2.2,3,2,0,4,100,69.08,69.08,44.64,,transformer
143,23-07-26 01:03:04,multiwoz2.2,3,2,0,4,100,71.33,71.33,50.36,,transformer
144,23-07-26 01:05:02,multiwoz2.2,3,0,0,4,100,86.46,86.46,66.79,save/multiwoz2.2/attraction/4/3-cluster/best,transformer
145,23-07-26 01:06:51,multiwoz2.2,3,1,0,4,100,60.31,60.31,43.11,save/multiwoz2.2/attraction/4/3-cluster/best,transformer
146,23-07-26 01:07:47,multiwoz2.2,3,2,0,4,100,68.54,68.54,44.04,save/multiwoz2.2/attraction/4/3-cluster/best,transformer
147,23-07-26 01:07:50,multiwoz2.2,3,all,0,4,100,72.54,59.1,32.83,save/multiwoz2.2/attraction/4/3-cluster/best,transformer
148,23-07-26 01:17:39,multiwoz2.2,5,2,0,4,100,54.92,54.92,32.96,,transformer
149,23-07-26 01:23:29,multiwoz2.2,5,3,0,4,100,27.25,27.25,6.32,,transformer
150,23-07-26 01:29:15,multiwoz2.2,5,4,0,4,100,52.75,52.75,22.91,,transformer
151,23-07-26 01:34:21,multiwoz2.2,5,2,0,4,100,62.25,62.25,44.61,,transformer
152,23-07-26 01:39:57,multiwoz2.2,5,3,0,4,100,46.25,46.25,21.48,,transformer
153,23-07-26 01:45:18,multiwoz2.2,5,4,0,4,100,60.25,60.25,37.5,,transformer
154,23-07-26 01:50:19,multiwoz2.2,5,2,0,4,100,62.5,62.5,45.93,,transformer
155,23-07-26 01:54:57,multiwoz2.2,5,3,0,4,100,60.42,60.42,34.44,,transformer
156,23-07-26 01:59:59,multiwoz2.2,5,4,0,4,100,63.75,63.75,43.06,,transformer
157,23-07-26 02:05:05,multiwoz2.2,5,2,0,4,100,62.42,62.42,46.3,,transformer
158,23-07-26 02:09:41,multiwoz2.2,5,3,0,4,100,73.0,73.0,46.13,,transformer
159,23-07-26 02:14:53,multiwoz2.2,5,4,0,4,100,66.17,66.17,44.6,,transformer
160,23-07-26 02:20:27,multiwoz2.2,5,2,0,4,100,62.42,62.42,45.35,,transformer
161,23-07-26 02:24:57,multiwoz2.2,5,3,0,4,100,80.58,80.58,58.52,,transformer
162,23-07-26 02:30:00,multiwoz2.2,5,4,0,4,100,68.17,68.17,47.64,,transformer
163,23-07-26 02:35:30,multiwoz2.2,5,2,0,4,100,61.33,61.33,43.7,,transformer
164,23-07-26 02:40:02,multiwoz2.2,5,3,0,4,100,82.92,82.92,64.94,,transformer
165,23-07-26 02:45:00,multiwoz2.2,5,4,0,4,100,68.92,68.92,47.84,,transformer
166,23-07-26 02:50:30,multiwoz2.2,5,2,0,4,100,63.08,63.08,46.67,,transformer
167,23-07-26 02:54:57,multiwoz2.2,5,3,0,4,100,84.17,84.17,66.42,,transformer
168,23-07-26 02:59:58,multiwoz2.2,5,4,0,4,100,70.08,70.08,50.18,,transformer
169,23-07-26 03:05:28,multiwoz2.2,5,2,0,4,100,63.08,63.08,46.1,,transformer
170,23-07-26 03:10:03,multiwoz2.2,5,3,0,4,100,86.25,86.25,68.66,,transformer
171,23-07-26 03:14:45,multiwoz2.2,5,4,0,4,100,70.83,70.83,50.0,,transformer
172,23-07-26 03:20:07,multiwoz2.2,5,2,0,4,100,63.58,63.58,46.3,,transformer
173,23-07-26 03:24:44,multiwoz2.2,5,3,0,4,100,86.25,86.25,70.22,,transformer
174,23-07-26 03:29:31,multiwoz2.2,5,4,0,4,100,70.83,70.83,51.25,,transformer
175,23-07-26 03:35:01,multiwoz2.2,5,2,0,4,100,63.75,63.75,46.67,,transformer
176,23-07-26 03:39:34,multiwoz2.2,5,3,0,4,100,85.17,85.17,69.26,,transformer
177,23-07-26 03:44:21,multiwoz2.2,5,4,0,4,100,73.5,73.5,52.5,,transformer
178,23-07-26 03:49:57,multiwoz2.2,5,2,0,4,100,64.17,64.17,47.58,,transformer
179,23-07-26 03:54:31,multiwoz2.2,5,3,0,4,100,86.67,86.67,71.59,,transformer
180,23-07-26 03:59:19,multiwoz2.2,5,4,0,4,100,71.17,71.17,50.18,,transformer
181,23-07-26 04:04:51,multiwoz2.2,5,2,0,4,100,64.42,64.42,47.78,,transformer
182,23-07-26 04:09:26,multiwoz2.2,5,3,0,4,100,86.33,86.33,69.49,,transformer
183,23-07-26 04:14:15,multiwoz2.2,5,4,0,4,100,70.42,70.42,50.54,,transformer
184,23-07-26 04:19:52,multiwoz2.2,5,2,0,4,100,65.58,65.58,50.74,,transformer
185,23-07-26 04:24:24,multiwoz2.2,5,3,0,4,100,86.08,86.08,68.15,,transformer
186,23-07-26 04:29:21,multiwoz2.2,5,4,0,4,100,69.17,69.17,49.46,,transformer
187,23-07-26 04:34:53,multiwoz2.2,5,2,0,4,100,65.42,65.42,50.37,,transformer
188,23-07-26 04:39:28,multiwoz2.2,5,3,0,4,100,87.75,87.75,73.23,,transformer
189,23-07-26 04:44:30,multiwoz2.2,5,4,0,4,100,67.5,67.5,46.59,,transformer
190,23-07-26 04:49:56,multiwoz2.2,5,2,0,4,100,65.83,65.83,50.56,,transformer
191,23-07-26 04:54:37,multiwoz2.2,5,3,0,4,100,87.58,87.58,71.85,,transformer
192,23-07-26 04:59:47,multiwoz2.2,5,4,0,4,100,68.08,68.08,48.2,,transformer
193,23-07-26 05:05:22,multiwoz2.2,5,2,0,4,100,64.83,64.83,50.19,,transformer
194,23-07-26 05:09:58,multiwoz2.2,5,3,0,4,100,86.17,86.17,68.63,,transformer
195,23-07-26 05:15:26,multiwoz2.2,5,2,0,4,100,67.42,67.42,50.94,,transformer
196,23-07-26 05:20:07,multiwoz2.2,5,3,0,4,100,85.42,85.42,65.43,,transformer
197,23-07-26 05:25:28,multiwoz2.2,5,2,0,4,100,69.08,69.08,52.22,,transformer
198,23-07-26 05:30:16,multiwoz2.2,5,3,0,4,100,87.83,87.83,71.96,,transformer
199,23-07-26 05:35:33,multiwoz2.2,5,2,0,4,100,71.25,71.25,53.7,,transformer
200,23-07-26 05:40:12,multiwoz2.2,5,3,0,4,100,89.5,89.5,75.0,,transformer
201,23-07-26 05:45:34,multiwoz2.2,5,2,0,4,100,69.17,69.17,51.85,,transformer
202,23-07-26 05:50:12,multiwoz2.2,5,3,0,4,100,88.92,88.92,74.54,,transformer
203,23-07-26 05:55:31,multiwoz2.2,5,2,0,4,100,70.08,70.08,52.22,,transformer
204,23-07-26 06:00:05,multiwoz2.2,5,3,0,4,100,89.08,89.08,75.28,,transformer
205,23-07-26 06:05:15,multiwoz2.2,5,2,0,4,100,70.92,70.92,53.33,,transformer
206,23-07-26 06:09:45,multiwoz2.2,5,3,0,4,100,87.0,87.0,72.43,,transformer
207,23-07-26 06:14:59,multiwoz2.2,5,2,0,4,100,70.75,70.75,52.04,,transformer
208,23-07-26 06:19:29,multiwoz2.2,5,3,0,4,100,88.5,88.5,74.44,,transformer
209,23-07-26 06:24:41,multiwoz2.2,5,2,0,4,100,70.92,70.92,51.85,,transformer
210,23-07-26 06:29:15,multiwoz2.2,5,3,0,4,100,86.58,86.58,68.4,,transformer
211,23-07-26 06:31:46,multiwoz2.2,5,2,0,4,100,65.65,65.65,48.41,save/multiwoz2.2/attraction/4/5-cluster/best,transformer
212,23-07-26 06:32:35,multiwoz2.2,5,3,0,4,100,87.48,87.48,72.14,save/multiwoz2.2/attraction/4/5-cluster/best,transformer
213,23-07-26 06:34:02,multiwoz2.2,5,4,0,4,100,66.18,66.18,43.32,save/multiwoz2.2/attraction/4/5-cluster/best,transformer
214,23-07-26 06:34:04,multiwoz2.2,5,all,0,4,100,73.61,60.05,35.84,save/multiwoz2.2/attraction/4/5-cluster/best,transformer
215,23-07-26 06:43:34,multiwoz2.2,1,0,0,4,100,26.33,21.79,8.5,,transformer
216,23-07-26 06:49:22,multiwoz2.2,1,0,0,4,100,45.17,41.39,21.71,,transformer
217,23-07-26 06:54:41,multiwoz2.2,1,0,0,4,100,57.08,50.37,29.01,,transformer
218,23-07-26 06:59:53,multiwoz2.2,1,0,0,4,100,61.17,55.88,31.07,,transformer
219,23-07-26 07:05:01,multiwoz2.2,1,0,0,4,100,62.83,58.36,34.76,,transformer
220,23-07-26 07:09:56,multiwoz2.2,1,0,0,4,100,64.5,60.14,36.41,,transformer
221,23-07-26 07:14:53,multiwoz2.2,1,0,0,4,100,66.58,62.45,40.0,,transformer
222,23-07-26 07:19:49,multiwoz2.2,1,0,0,4,100,67.08,62.08,41.53,,transformer
223,23-07-26 07:24:39,multiwoz2.2,1,0,0,4,100,66.83,61.61,38.46,,transformer
224,23-07-26 07:29:35,multiwoz2.2,1,0,0,4,100,68.25,63.33,43.5,,transformer
225,23-07-26 07:34:26,multiwoz2.2,1,0,0,4,100,69.0,64.46,39.5,,transformer
226,23-07-26 07:39:20,multiwoz2.2,1,0,0,4,100,68.25,63.55,41.55,,transformer
227,23-07-26 07:44:08,multiwoz2.2,1,0,0,4,100,69.92,65.53,43.22,,transformer
228,23-07-26 07:48:57,multiwoz2.2,1,0,0,4,100,67.17,62.9,43.43,,transformer
229,23-07-26 07:53:50,multiwoz2.2,1,0,0,4,100,68.17,63.56,40.11,,transformer
230,23-07-26 07:58:36,multiwoz2.2,1,0,0,4,100,69.17,65.34,42.86,,transformer
231,23-07-26 08:03:21,multiwoz2.2,1,0,0,4,100,66.92,62.51,41.46,,transformer
232,23-07-26 08:08:07,multiwoz2.2,1,0,0,4,100,70.08,65.43,43.18,,transformer
233,23-07-26 08:17:11,multiwoz2.2,1,0,0,4,100,67.25,28.4,6.33,save/multiwoz2.2/hotel/4/1-cluster/best,transformer
234,23-07-26 08:17:17,multiwoz2.2,1,all,0,4,100,67.25,28.4,6.33,save/multiwoz2.2/hotel/4/1-cluster/best,transformer
235,23-07-26 08:26:50,multiwoz2.2,2,0,0,4,100,25.92,21.5,9.04,,transformer
236,23-07-26 08:32:36,multiwoz2.2,2,1,0,4,100,21.42,19.07,6.85,,transformer
237,23-07-26 08:38:27,multiwoz2.2,2,0,0,4,100,43.08,38.7,19.26,,transformer
238,23-07-26 08:44:13,multiwoz2.2,2,1,0,4,100,60.75,59.19,41.3,,transformer
239,23-07-26 08:49:29,multiwoz2.2,2,0,0,4,100,51.92,46.38,23.08,,transformer
240,23-07-26 08:54:39,multiwoz2.2,2,1,0,4,100,78.83,77.59,64.37,,transformer
241,23-07-26 09:00:04,multiwoz2.2,2,0,0,4,100,52.25,47.7,28.93,,transformer
242,23-07-26 09:05:12,multiwoz2.2,2,1,0,4,100,83.08,81.55,64.71,,transformer
243,23-07-26 09:10:35,multiwoz2.2,2,0,0,4,100,53.67,48.52,27.79,,transformer
244,23-07-26 09:15:15,multiwoz2.2,2,1,0,4,100,84.25,83.13,66.67,,transformer
245,23-07-26 09:20:24,multiwoz2.2,2,0,0,4,100,56.17,52.02,29.21,,transformer
246,23-07-26 09:25:01,multiwoz2.2,2,1,0,4,100,86.17,84.86,72.27,,transformer
247,23-07-26 09:30:08,multiwoz2.2,2,0,0,4,100,55.25,49.33,27.82,,transformer
248,23-07-26 09:34:40,multiwoz2.2,2,1,0,4,100,85.67,84.51,72.32,,transformer
249,23-07-26 09:39:36,multiwoz2.2,2,0,0,4,100,58.17,53.37,30.22,,transformer
250,23-07-26 09:44:04,multiwoz2.2,2,1,0,4,100,86.42,85.5,72.59,,transformer
251,23-07-26 09:49:07,multiwoz2.2,2,0,0,4,100,58.83,53.64,32.39,,transformer
252,23-07-26 09:53:37,multiwoz2.2,2,1,0,4,100,87.75,86.56,74.26,,transformer
253,23-07-26 09:58:30,multiwoz2.2,2,0,0,4,100,57.75,52.17,30.86,,transformer
254,23-07-26 10:02:59,multiwoz2.2,2,1,0,4,100,89.08,88.01,74.7,,transformer
255,23-07-26 10:08:02,multiwoz2.2,2,0,0,4,100,57.5,52.49,33.52,,transformer
256,23-07-26 10:12:29,multiwoz2.2,2,1,0,4,100,87.58,86.46,74.4,,transformer
257,23-07-26 10:17:31,multiwoz2.2,2,0,0,4,100,58.42,52.07,29.36,,transformer
258,23-07-26 10:21:59,multiwoz2.2,2,1,0,4,100,87.83,86.66,74.24,,transformer
259,23-07-26 10:26:53,multiwoz2.2,2,0,0,4,100,58.5,52.76,30.19,,transformer
260,23-07-26 10:31:19,multiwoz2.2,2,1,0,4,100,88.58,87.79,74.85,,transformer
261,23-07-26 10:36:16,multiwoz2.2,2,0,0,4,100,59.25,53.62,29.89,,transformer
262,23-07-26 10:40:44,multiwoz2.2,2,1,0,4,100,87.92,87.2,74.1,,transformer
263,23-07-26 10:45:14,multiwoz2.2,2,1,0,4,100,90.08,88.97,76.63,,transformer
264,23-07-26 10:49:43,multiwoz2.2,2,1,0,4,100,88.25,87.2,74.4,,transformer
265,23-07-26 10:54:10,multiwoz2.2,2,1,0,4,100,89.92,88.87,75.68,,transformer
266,23-07-26 10:58:38,multiwoz2.2,2,1,0,4,100,88.17,87.21,75.07,,transformer
267,23-07-26 11:03:06,multiwoz2.2,2,1,0,4,100,88.17,87.35,73.16,,transformer
268,23-07-26 11:07:34,multiwoz2.2,2,1,0,4,100,88.25,87.29,74.47,,transformer
269,23-07-26 11:16:02,multiwoz2.2,2,0,0,4,100,57.99,23.72,6.33,save/multiwoz2.2/hotel/4/2-cluster/best,transformer
270,23-07-26 11:17:14,multiwoz2.2,2,1,0,4,100,86.41,83.65,66.06,save/multiwoz2.2/hotel/4/2-cluster/best,transformer
271,23-07-26 11:17:20,multiwoz2.2,2,all,0,4,100,63.79,23.3,6.08,save/multiwoz2.2/hotel/4/2-cluster/best,transformer
272,23-07-26 11:26:47,multiwoz2.2,3,0,0,4,100,20.67,17.81,6.33,,transformer
273,23-07-26 11:32:42,multiwoz2.2,3,1,0,4,100,17.58,14.93,8.67,,transformer
274,23-07-26 11:38:35,multiwoz2.2,3,2,0,4,100,45.58,41.48,18.64,,transformer
275,23-07-26 11:44:17,multiwoz2.2,3,0,0,4,100,62.0,59.44,37.61,,transformer
276,23-07-26 11:50:12,multiwoz2.2,3,1,0,4,100,35.08,29.65,13.17,,transformer
277,23-07-26 11:55:42,multiwoz2.2,3,2,0,4,100,64.75,60.65,33.33,,transformer
278,23-07-26 12:00:24,multiwoz2.2,3,0,0,4,100,83.75,82.02,65.66,,transformer
279,23-07-26 12:06:14,multiwoz2.2,3,1,0,4,100,39.67,32.86,21.69,,transformer
280,23-07-26 12:11:07,multiwoz2.2,3,2,0,4,100,69.08,64.52,38.31,,transformer
281,23-07-26 12:15:47,multiwoz2.2,3,0,0,4,100,85.0,83.57,69.76,,transformer
282,23-07-26 12:21:21,multiwoz2.2,3,1,0,4,100,41.42,35.84,19.83,,transformer
283,23-07-26 12:26:07,multiwoz2.2,3,2,0,4,100,73.17,69.45,45.08,,transformer
284,23-07-26 12:30:39,multiwoz2.2,3,0,0,4,100,84.0,82.89,68.98,,transformer
285,23-07-26 12:36:03,multiwoz2.2,3,1,0,4,100,43.83,37.45,20.16,,transformer
286,23-07-26 12:40:44,multiwoz2.2,3,2,0,4,100,75.42,73.03,49.49,,transformer
287,23-07-26 12:45:15,multiwoz2.2,3,0,0,4,100,84.08,82.6,67.95,,transformer
288,23-07-26 12:50:30,multiwoz2.2,3,1,0,4,100,45.25,39.49,18.93,,transformer
289,23-07-26 12:55:03,multiwoz2.2,3,2,0,4,100,77.5,74.6,49.83,,transformer
290,23-07-26 12:59:34,multiwoz2.2,3,0,0,4,100,86.33,84.91,71.82,,transformer
291,23-07-26 13:04:48,multiwoz2.2,3,1,0,4,100,47.42,41.05,20.56,,transformer
292,23-07-26 13:09:22,multiwoz2.2,3,2,0,4,100,74.17,71.08,48.81,,transformer
293,23-07-26 13:13:51,multiwoz2.2,3,0,0,4,100,86.08,85.12,70.96,,transformer
294,23-07-26 13:19:08,multiwoz2.2,3,1,0,4,100,47.75,41.49,25.42,,transformer
295,23-07-26 13:23:40,multiwoz2.2,3,2,0,4,100,76.08,73.16,51.55,,transformer
296,23-07-26 13:28:09,multiwoz2.2,3,0,0,4,100,86.83,85.94,70.78,,transformer
297,23-07-26 20:10:10,multiwoz2.2,1,0,0,4,100,42.0,39.04,21.31,,transformer
298,23-07-26 20:15:39,multiwoz2.2,1,0,0,4,100,56.0,53.26,38.9,,transformer
299,23-07-26 20:20:33,multiwoz2.2,1,0,0,4,100,64.25,61.73,47.08,,transformer
300,23-07-26 20:25:32,multiwoz2.2,1,0,0,4,100,65.75,64.01,45.86,,transformer
301,23-07-26 20:30:37,multiwoz2.2,1,0,0,4,100,67.5,65.52,48.63,,transformer
302,23-07-26 20:35:45,multiwoz2.2,1,0,0,4,100,67.17,64.17,48.24,,transformer
303,23-07-26 20:40:52,multiwoz2.2,1,0,0,4,100,67.83,65.44,46.58,,transformer
304,23-07-26 20:46:08,multiwoz2.2,1,0,0,4,100,69.67,66.57,48.61,,transformer
305,23-07-26 20:51:20,multiwoz2.2,1,0,0,4,100,70.33,67.1,49.02,,transformer
306,23-07-26 20:56:29,multiwoz2.2,1,0,0,4,100,70.58,67.43,49.17,,transformer
307,23-07-26 21:01:32,multiwoz2.2,1,0,0,4,100,71.5,68.76,50.7,,transformer
308,23-07-26 21:06:35,multiwoz2.2,1,0,0,4,100,73.25,70.59,53.95,,transformer
309,23-07-26 21:11:43,multiwoz2.2,1,0,0,4,100,73.42,70.72,53.15,,transformer
310,23-07-26 21:16:46,multiwoz2.2,1,0,0,4,100,75.67,73.24,52.7,,transformer
311,23-07-26 21:21:47,multiwoz2.2,1,0,0,4,100,76.0,73.24,55.08,,transformer
312,23-07-26 21:26:50,multiwoz2.2,1,0,0,4,100,77.25,74.9,56.55,,transformer
313,23-07-26 21:31:50,multiwoz2.2,1,0,0,4,100,74.33,71.86,53.55,,transformer
314,23-07-26 21:36:49,multiwoz2.2,1,0,0,4,100,76.5,74.48,57.14,,transformer
315,23-07-26 21:41:45,multiwoz2.2,1,0,0,4,100,76.0,73.13,56.21,,transformer
316,23-07-26 21:46:38,multiwoz2.2,1,0,0,4,100,75.75,73.62,56.5,,transformer
317,23-07-26 21:51:33,multiwoz2.2,1,0,0,4,100,77.0,74.33,58.33,,transformer
318,23-07-26 21:55:48,multiwoz2.2,1,0,0,4,100,72.91,60.25,31.83,save/multiwoz2.2/attraction/4/1-cluster/best,transformer
319,23-07-26 21:55:50,multiwoz2.2,1,all,0,4,100,72.91,60.25,31.83,save/multiwoz2.2/attraction/4/1-cluster/best,transformer
320,23-07-26 22:05:35,multiwoz2.2,2,0,0,4,100,50.58,47.89,30.08,,transformer
321,23-07-26 22:11:28,multiwoz2.2,2,1,0,4,100,27.67,27.67,3.69,,transformer
322,23-07-26 22:16:43,multiwoz2.2,2,0,0,4,100,63.92,61.82,46.54,,transformer
323,23-07-26 22:22:04,multiwoz2.2,2,1,0,4,100,51.17,51.17,23.99,,transformer
324,23-07-26 22:27:09,multiwoz2.2,2,0,0,4,100,66.08,64.33,46.2,,transformer
325,23-07-26 22:32:02,multiwoz2.2,2,1,0,4,100,62.0,62.0,37.87,,transformer
326,23-07-26 22:37:03,multiwoz2.2,2,0,0,4,100,66.58,65.66,50.14,,transformer
327,23-07-26 22:41:46,multiwoz2.2,2,1,0,4,100,72.17,72.17,46.86,,transformer
328,23-07-26 22:46:59,multiwoz2.2,2,0,0,4,100,68.58,65.99,52.32,,transformer
329,23-07-26 22:51:45,multiwoz2.2,2,1,0,4,100,72.0,72.0,49.26,,transformer
330,23-07-26 22:56:57,multiwoz2.2,2,0,0,4,100,68.08,66.18,48.47,,transformer
331,23-07-26 23:01:41,multiwoz2.2,2,1,0,4,100,73.83,73.83,51.48,,transformer
332,23-07-26 23:06:55,multiwoz2.2,2,0,0,4,100,70.17,68.58,51.62,,transformer
333,23-07-26 23:11:34,multiwoz2.2,2,1,0,4,100,76.33,76.33,52.79,,transformer
334,23-07-26 23:16:58,multiwoz2.2,2,0,0,4,100,71.08,69.48,52.72,,transformer
335,23-07-26 23:21:37,multiwoz2.2,2,1,0,4,100,78.5,78.5,56.46,,transformer
336,23-07-26 23:26:51,multiwoz2.2,2,0,0,4,100,72.42,70.53,55.06,,transformer
337,23-07-26 23:31:27,multiwoz2.2,2,1,0,4,100,77.08,77.08,51.84,,transformer
338,23-07-26 23:36:34,multiwoz2.2,2,0,0,4,100,72.17,70.32,56.25,,transformer
339,23-07-26 23:41:09,multiwoz2.2,2,1,0,4,100,79.58,79.58,56.34,,transformer
340,23-07-26 23:46:25,multiwoz2.2,2,0,0,4,100,71.42,69.89,54.14,,transformer
341,23-07-26 23:50:59,multiwoz2.2,2,1,0,4,100,80.17,80.17,55.72,,transformer
342,23-07-26 23:56:03,multiwoz2.2,2,0,0,4,100,72.5,70.99,56.42,,transformer
343,23-07-27 00:00:41,multiwoz2.2,2,1,0,4,100,80.92,80.92,59.26,,transformer
344,23-07-27 00:05:46,multiwoz2.2,2,0,0,4,100,71.58,70.17,53.26,,transformer
345,23-07-27 00:10:22,multiwoz2.2,2,1,0,4,100,84.75,84.75,63.84,,transformer
346,23-07-27 00:15:25,multiwoz2.2,2,0,0,4,100,72.25,70.83,56.79,,transformer
347,23-07-27 00:20:00,multiwoz2.2,2,1,0,4,100,85.5,85.5,66.54,,transformer
348,23-07-27 00:25:04,multiwoz2.2,2,0,0,4,100,72.0,70.78,57.06,,transformer
349,23-07-27 00:29:38,multiwoz2.2,2,1,0,4,100,85.42,85.42,68.63,,transformer
350,23-07-27 00:34:45,multiwoz2.2,2,0,0,4,100,72.08,70.7,55.0,,transformer
351,23-07-27 00:39:19,multiwoz2.2,2,1,0,4,100,84.25,84.25,64.31,,transformer
352,23-07-27 00:44:25,multiwoz2.2,2,0,0,4,100,73.33,71.48,56.44,,transformer
353,23-07-27 00:49:04,multiwoz2.2,2,1,0,4,100,84.33,84.33,64.31,,transformer
354,23-07-27 00:54:11,multiwoz2.2,2,0,0,4,100,71.75,70.55,54.34,,transformer
355,23-07-27 00:58:47,multiwoz2.2,2,1,0,4,100,85.83,85.83,68.75,,transformer
356,23-07-27 01:03:50,multiwoz2.2,2,0,0,4,100,74.0,73.0,56.56,,transformer
357,23-07-27 01:08:24,multiwoz2.2,2,1,0,4,100,86.08,86.08,67.41,,transformer
358,23-07-27 01:13:22,multiwoz2.2,2,0,0,4,100,74.92,73.24,58.22,,transformer
359,23-07-27 01:17:56,multiwoz2.2,2,1,0,4,100,86.33,86.33,68.15,,transformer
360,23-07-27 01:22:54,multiwoz2.2,2,0,0,4,100,75.92,74.25,56.82,,transformer
361,23-07-27 01:27:29,multiwoz2.2,2,1,0,4,100,86.25,86.25,68.63,,transformer
362,23-07-27 01:32:24,multiwoz2.2,2,0,0,4,100,75.67,74.47,59.44,,transformer
363,23-07-27 01:36:59,multiwoz2.2,2,1,0,4,100,86.42,86.42,68.89,,transformer
364,23-07-27 01:41:53,multiwoz2.2,2,0,0,4,100,74.5,72.47,57.85,,transformer
365,23-07-27 01:46:25,multiwoz2.2,2,1,0,4,100,87.17,87.17,69.03,,transformer
366,23-07-27 01:51:19,multiwoz2.2,2,0,0,4,100,75.25,73.58,57.85,,transformer
367,23-07-27 01:55:55,multiwoz2.2,2,1,0,4,100,87.17,87.17,69.74,,transformer
368,23-07-27 02:00:49,multiwoz2.2,2,0,0,4,100,78.42,77.28,64.25,,transformer
369,23-07-27 02:05:21,multiwoz2.2,2,1,0,4,100,86.75,86.75,70.96,,transformer
370,23-07-27 02:10:19,multiwoz2.2,2,0,0,4,100,76.92,75.21,60.88,,transformer
371,23-07-27 02:14:59,multiwoz2.2,2,1,0,4,100,86.83,86.83,71.11,,transformer
372,23-07-27 02:19:51,multiwoz2.2,2,0,0,4,100,76.25,74.56,59.78,,transformer
373,23-07-27 02:24:25,multiwoz2.2,2,1,0,4,100,88.5,88.5,74.26,,transformer
374,23-07-27 02:29:18,multiwoz2.2,2,0,0,4,100,75.92,74.43,58.24,,transformer
375,23-07-27 02:33:52,multiwoz2.2,2,1,0,4,100,87.75,87.75,73.33,,transformer
376,23-07-27 02:38:46,multiwoz2.2,2,0,0,4,100,72.25,70.97,58.63,,transformer
377,23-07-27 02:43:21,multiwoz2.2,2,1,0,4,100,89.58,89.58,75.65,,transformer
378,23-07-27 02:48:14,multiwoz2.2,2,0,0,4,100,75.25,73.79,59.56,,transformer
379,23-07-27 02:52:48,multiwoz2.2,2,1,0,4,100,88.58,88.58,73.53,,transformer
380,23-07-27 02:57:24,multiwoz2.2,2,1,0,4,100,87.58,87.58,70.22,,transformer
381,23-07-27 03:01:59,multiwoz2.2,2,1,0,4,100,88.08,88.08,74.91,,transformer
382,23-07-27 03:06:33,multiwoz2.2,2,1,0,4,100,89.17,89.17,76.01,,transformer
383,23-07-27 03:11:08,multiwoz2.2,2,1,0,4,100,88.75,88.75,74.35,,transformer
384,23-07-27 03:14:14,multiwoz2.2,2,0,0,4,100,70.87,65.5,41.58,save/multiwoz2.2/attraction/4/2-cluster/best,transformer
385,23-07-27 03:15:02,multiwoz2.2,2,1,0,4,100,87.55,87.55,70.71,save/multiwoz2.2/attraction/4/2-cluster/best,transformer
386,23-07-27 03:15:05,multiwoz2.2,2,all,0,4,100,76.8,65.19,39.35,save/multiwoz2.2/attraction/4/2-cluster/best,transformer
387,23-07-27 03:24:52,multiwoz2.2,3,0,0,4,100,54.17,54.17,30.86,,transformer
388,23-07-27 03:30:43,multiwoz2.2,3,1,0,4,100,28.08,28.08,4.83,,transformer
389,23-07-27 03:36:33,multiwoz2.2,3,2,0,4,100,52.08,52.08,21.94,,transformer
390,23-07-27 03:41:51,multiwoz2.2,3,0,0,4,100,63.0,63.0,44.44,,transformer
391,23-07-27 03:47:09,multiwoz2.2,3,1,0,4,100,50.33,50.33,26.2,,transformer
392,23-07-27 03:52:38,multiwoz2.2,3,2,0,4,100,63.08,63.08,37.05,,transformer
393,23-07-27 03:57:43,multiwoz2.2,3,0,0,4,100,63.92,63.92,44.24,,transformer
394,23-07-27 04:02:31,multiwoz2.2,3,1,0,4,100,60.42,60.42,36.4,,transformer
395,23-07-27 04:07:38,multiwoz2.2,3,2,0,4,100,66.42,66.42,43.68,,transformer
396,23-07-27 04:12:55,multiwoz2.2,3,0,0,4,100,62.5,62.5,43.82,,transformer
397,23-07-27 04:17:40,multiwoz2.2,3,1,0,4,100,68.75,68.75,46.13,,transformer
398,23-07-27 04:23:14,multiwoz2.2,3,2,0,4,100,65.0,65.0,41.01,,transformer
399,23-07-27 04:28:51,multiwoz2.2,3,0,0,4,100,61.0,61.0,43.49,,transformer
400,23-07-27 04:33:34,multiwoz2.2,3,1,0,4,100,72.25,72.25,48.9,,transformer
401,23-07-27 04:38:53,multiwoz2.2,3,2,0,4,100,66.92,66.92,44.29,,transformer
402,23-07-27 04:44:31,multiwoz2.2,3,0,0,4,100,61.92,61.92,42.96,,transformer
403,23-07-27 04:49:12,multiwoz2.2,3,1,0,4,100,75.25,75.25,51.48,,transformer
404,23-07-27 04:54:03,multiwoz2.2,3,2,0,4,100,69.75,69.75,50.18,,transformer
405,23-07-27 04:59:47,multiwoz2.2,3,0,0,4,100,63.0,63.0,44.07,,transformer
406,23-07-27 05:04:24,multiwoz2.2,3,1,0,4,100,77.58,77.58,54.07,,transformer
407,23-07-27 05:09:14,multiwoz2.2,3,2,0,4,100,70.08,70.08,48.56,,transformer
408,23-07-27 05:14:59,multiwoz2.2,3,0,0,4,100,63.25,63.25,44.44,,transformer
409,23-07-27 05:19:36,multiwoz2.2,3,1,0,4,100,77.75,77.75,54.1,,transformer
410,23-07-27 05:24:20,multiwoz2.2,3,2,0,4,100,71.83,71.83,50.18,,transformer
411,23-07-27 05:28:56,multiwoz2.2,3,1,0,4,100,79.42,79.42,54.81,,transformer
412,23-07-27 05:33:40,multiwoz2.2,3,2,0,4,100,71.83,71.83,50.36,,transformer
413,23-07-27 05:38:16,multiwoz2.2,3,1,0,4,100,82.92,82.92,61.99,,transformer
414,23-07-27 05:43:04,multiwoz2.2,3,2,0,4,100,70.83,70.83,51.25,,transformer
415,23-07-27 05:47:41,multiwoz2.2,3,1,0,4,100,84.33,84.33,64.07,,transformer
416,23-07-27 05:52:27,multiwoz2.2,3,2,0,4,100,72.0,72.0,52.86,,transformer
417,23-07-27 05:57:05,multiwoz2.2,3,1,0,4,100,82.25,82.25,57.93,,transformer
418,23-07-27 06:01:54,multiwoz2.2,3,2,0,4,100,69.92,69.92,50.18,,transformer
419,23-07-27 06:06:29,multiwoz2.2,3,1,0,4,100,81.67,81.67,58.82,,transformer
420,23-07-27 06:11:10,multiwoz2.2,3,2,0,4,100,72.67,72.67,53.76,,transformer
421,23-07-27 06:15:50,multiwoz2.2,3,1,0,4,100,83.5,83.5,60.15,,transformer
422,23-07-27 06:20:37,multiwoz2.2,3,2,0,4,100,71.17,71.17,51.8,,transformer
423,23-07-27 06:25:19,multiwoz2.2,3,1,0,4,100,84.5,84.5,65.93,,transformer
424,23-07-27 06:30:04,multiwoz2.2,3,2,0,4,100,70.75,70.75,49.1,,transformer
425,23-07-27 06:34:43,multiwoz2.2,3,1,0,4,100,83.42,83.42,60.89,,transformer
426,23-07-27 06:39:23,multiwoz2.2,3,2,0,4,100,72.75,72.75,55.4,,transformer
427,23-07-27 06:44:00,multiwoz2.2,3,1,0,4,100,85.08,85.08,64.71,,transformer
428,23-07-27 06:48:42,multiwoz2.2,3,2,0,4,100,70.25,70.25,50.18,,transformer
429,23-07-27 06:53:16,multiwoz2.2,3,1,0,4,100,85.58,85.58,66.67,,transformer
430,23-07-27 06:57:57,multiwoz2.2,3,2,0,4,100,70.67,70.67,51.25,,transformer
431,23-07-27 07:02:34,multiwoz2.2,3,1,0,4,100,87.0,87.0,69.89,,transformer
432,23-07-27 07:07:16,multiwoz2.2,3,2,0,4,100,73.17,73.17,52.16,,transformer
433,23-07-27 07:11:50,multiwoz2.2,3,1,0,4,100,87.0,87.0,71.69,,transformer
434,23-07-27 07:16:33,multiwoz2.2,3,2,0,4,100,71.83,71.83,54.12,,transformer
435,23-07-27 07:21:08,multiwoz2.2,3,1,0,4,100,88.42,88.42,74.07,,transformer
436,23-07-27 07:25:49,multiwoz2.2,3,2,0,4,100,70.33,70.33,51.61,,transformer
437,23-07-27 07:30:26,multiwoz2.2,3,1,0,4,100,89.17,89.17,75.56,,transformer
438,23-07-27 07:35:07,multiwoz2.2,3,2,0,4,100,67.5,67.5,47.48,,transformer
439,23-07-27 07:39:42,multiwoz2.2,3,1,0,4,100,87.25,87.25,71.32,,transformer
440,23-07-27 07:44:21,multiwoz2.2,3,2,0,4,100,70.42,70.42,47.48,,transformer
441,23-07-27 07:48:55,multiwoz2.2,3,1,0,4,100,88.75,88.75,75.46,,transformer
442,23-07-27 07:53:36,multiwoz2.2,3,2,0,4,100,71.42,71.42,51.8,,transformer
443,23-07-27 07:58:16,multiwoz2.2,3,1,0,4,100,85.58,85.58,69.78,,transformer
444,23-07-27 08:02:47,multiwoz2.2,3,1,0,4,100,89.17,89.17,75.19,,transformer
445,23-07-27 08:07:20,multiwoz2.2,3,1,0,4,100,88.25,88.25,74.81,,transformer
446,23-07-27 08:10:06,multiwoz2.2,3,0,0,4,100,59.5,59.5,40.99,save/multiwoz2.2/attraction/4/3-cluster/best,transformer
447,23-07-27 08:10:54,multiwoz2.2,3,1,0,4,100,86.52,86.52,71.07,save/multiwoz2.2/attraction/4/3-cluster/best,transformer
448,23-07-27 08:11:47,multiwoz2.2,3,2,0,4,100,67.15,67.15,40.79,save/multiwoz2.2/attraction/4/3-cluster/best,transformer
449,23-07-27 08:11:50,multiwoz2.2,3,all,0,4,100,71.84,58.12,31.58,save/multiwoz2.2/attraction/4/3-cluster/best,transformer
450,23-07-27 08:21:31,multiwoz2.2,5,0,0,4,100,54.75,54.75,31.48,,transformer
451,23-07-27 08:27:22,multiwoz2.2,5,2,0,4,100,53.25,53.25,21.22,,transformer
452,23-07-27 08:33:11,multiwoz2.2,5,3,0,4,100,27.42,27.42,3.69,,transformer
453,23-07-27 08:38:22,multiwoz2.2,5,0,0,4,100,63.5,63.5,44.24,,transformer
454,23-07-27 08:43:54,multiwoz2.2,5,2,0,4,100,62.17,62.17,34.16,,transformer
455,23-07-27 08:49:21,multiwoz2.2,5,3,0,4,100,48.58,48.58,20.96,,transformer
456,23-07-27 08:54:28,multiwoz2.2,5,0,0,4,100,63.25,63.25,43.33,,transformer
457,23-07-27 08:59:34,multiwoz2.2,5,2,0,4,100,65.75,65.75,41.01,,transformer
458,23-07-27 09:04:16,multiwoz2.2,5,3,0,4,100,63.0,63.0,38.6,,transformer
459,23-07-27 09:09:38,multiwoz2.2,5,0,0,4,100,60.92,60.92,43.7,,transformer
460,23-07-27 09:14:44,multiwoz2.2,5,2,0,4,100,65.58,65.58,43.37,,transformer
461,23-07-27 09:19:30,multiwoz2.2,5,3,0,4,100,75.0,75.0,50.74,,transformer
462,23-07-27 09:25:17,multiwoz2.2,5,0,0,4,100,60.17,60.17,40.52,,transformer
463,23-07-27 09:30:30,multiwoz2.2,5,2,0,4,100,68.25,68.25,45.85,,transformer
464,23-07-27 09:35:12,multiwoz2.2,5,3,0,4,100,79.67,79.67,57.78,,transformer
465,23-07-27 09:40:52,multiwoz2.2,5,0,0,4,100,60.17,60.17,41.85,,transformer
466,23-07-27 09:45:43,multiwoz2.2,5,2,0,4,100,69.0,69.0,46.24,,transformer
467,23-07-27 09:50:23,multiwoz2.2,5,3,0,4,100,82.83,82.83,61.71,,transformer
468,23-07-27 09:56:00,multiwoz2.2,5,0,0,4,100,62.42,62.42,44.07,,transformer
469,23-07-27 10:00:44,multiwoz2.2,5,2,0,4,100,70.25,70.25,47.31,,transformer
470,23-07-27 10:05:23,multiwoz2.2,5,3,0,4,100,86.25,86.25,69.89,,transformer
471,23-07-27 10:10:11,multiwoz2.2,5,2,0,4,100,71.0,71.0,48.19,,transformer
472,23-07-27 10:14:56,multiwoz2.2,5,3,0,4,100,87.0,87.0,70.9,,transformer
473,23-07-27 10:19:44,multiwoz2.2,5,2,0,4,100,69.75,69.75,46.04,,transformer
474,23-07-27 10:24:25,multiwoz2.2,5,3,0,4,100,83.33,83.33,63.47,,transformer
475,23-07-27 10:29:13,multiwoz2.2,5,2,0,4,100,68.0,68.0,44.6,,transformer
476,23-07-27 10:33:50,multiwoz2.2,5,3,0,4,100,87.17,87.17,72.43,,transformer
477,23-07-27 10:38:47,multiwoz2.2,5,2,0,4,100,69.83,69.83,48.39,,transformer
478,23-07-27 10:43:25,multiwoz2.2,5,3,0,4,100,86.42,86.42,71.48,,transformer
479,23-07-27 10:48:14,multiwoz2.2,5,2,0,4,100,65.75,65.75,41.07,,transformer
480,23-07-27 10:52:57,multiwoz2.2,5,3,0,4,100,86.08,86.08,69.14,,transformer
481,23-07-27 10:57:50,multiwoz2.2,5,2,0,4,100,68.92,68.92,46.43,,transformer
482,23-07-27 11:02:28,multiwoz2.2,5,3,0,4,100,87.08,87.08,71.11,,transformer
483,23-07-27 11:07:08,multiwoz2.2,5,3,0,4,100,88.17,88.17,75.0,,transformer
484,23-07-27 11:11:41,multiwoz2.2,5,3,0,4,100,88.25,88.25,72.96,,transformer
485,23-07-27 11:16:19,multiwoz2.2,5,3,0,4,100,88.83,88.83,75.74,,transformer
486,23-07-27 11:20:54,multiwoz2.2,5,3,0,4,100,87.0,87.0,69.74,,transformer
487,23-07-27 11:25:28,multiwoz2.2,5,3,0,4,100,88.25,88.25,72.96,,transformer
488,23-07-27 11:30:02,multiwoz2.2,5,3,0,4,100,87.67,87.67,71.27,,transformer
489,23-07-27 11:34:37,multiwoz2.2,5,3,0,4,100,88.42,88.42,71.59,,transformer
490,23-07-27 11:39:10,multiwoz2.2,5,3,0,4,100,88.75,88.75,72.49,,transformer
491,23-07-27 11:41:49,multiwoz2.2,5,0,0,4,100,58.61,58.61,42.05,save/multiwoz2.2/attraction/4/5-cluster/best,transformer
492,23-07-27 11:42:53,multiwoz2.2,5,2,0,4,100,66.24,66.24,40.43,save/multiwoz2.2/attraction/4/5-cluster/best,transformer
493,23-07-27 11:43:42,multiwoz2.2,5,3,0,4,100,86.22,86.22,70.0,save/multiwoz2.2/attraction/4/5-cluster/best,transformer
494,23-07-27 11:43:45,multiwoz2.2,5,all,0,4,100,71.15,57.54,32.58,save/multiwoz2.2/attraction/4/5-cluster/best,transformer
495,23-07-27 11:53:02,multiwoz2.2,1,0,0,4,100,26.33,21.79,8.5,,transformer
496,23-07-27 11:58:56,multiwoz2.2,1,0,0,4,100,45.17,41.39,21.71,,transformer
497,23-07-27 12:04:20,multiwoz2.2,1,0,0,4,100,57.08,50.37,29.01,,transformer
498,23-07-27 12:09:39,multiwoz2.2,1,0,0,4,100,61.17,55.88,31.07,,transformer
499,23-07-27 12:14:54,multiwoz2.2,1,0,0,4,100,62.83,58.36,34.76,,transformer
500,23-07-27 12:19:55,multiwoz2.2,1,0,0,4,100,64.5,60.14,36.41,,transformer
501,23-07-27 12:24:58,multiwoz2.2,1,0,0,4,100,66.58,62.45,40.0,,transformer
502,23-07-27 12:30:00,multiwoz2.2,1,0,0,4,100,67.08,62.08,41.53,,transformer
503,23-07-27 12:34:56,multiwoz2.2,1,0,0,4,100,66.83,61.61,38.46,,transformer
504,23-07-27 12:39:58,multiwoz2.2,1,0,0,4,100,68.25,63.33,43.5,,transformer
505,23-07-27 12:44:56,multiwoz2.2,1,0,0,4,100,69.0,64.46,39.5,,transformer
506,23-07-27 12:49:56,multiwoz2.2,1,0,0,4,100,68.25,63.55,41.55,,transformer
507,23-07-27 12:54:50,multiwoz2.2,1,0,0,4,100,69.92,65.53,43.22,,transformer
508,23-07-27 12:59:45,multiwoz2.2,1,0,0,4,100,67.17,62.9,43.43,,transformer
509,23-07-27 13:04:44,multiwoz2.2,1,0,0,4,100,68.17,63.56,40.11,,transformer
510,23-07-27 13:09:37,multiwoz2.2,1,0,0,4,100,69.17,65.34,42.86,,transformer
511,23-07-27 13:14:29,multiwoz2.2,1,0,0,4,100,66.92,62.51,41.46,,transformer
512,23-07-27 13:19:21,multiwoz2.2,1,0,0,4,100,70.08,65.43,43.18,,transformer
513,23-07-27 13:59:19,multiwoz2.2,1,0,0,4,100,22.83,8.8,1.9,,transformer
514,23-07-27 14:05:00,multiwoz2.2,1,0,0,4,100,50.33,31.09,9.95,,transformer
515,23-07-27 14:09:58,multiwoz2.2,1,0,0,4,100,61.83,41.96,19.43,,transformer
516,23-07-27 14:15:02,multiwoz2.2,1,0,0,4,100,63.58,45.63,17.14,,transformer
517,23-07-27 14:20:08,multiwoz2.2,1,0,0,4,100,67.0,48.71,24.64,,transformer
518,23-07-27 14:25:16,multiwoz2.2,1,0,0,4,100,66.08,46.71,22.12,,transformer
519,23-07-27 14:30:29,multiwoz2.2,1,0,0,4,100,67.67,47.67,22.27,,transformer
520,23-07-27 14:35:40,multiwoz2.2,1,0,0,4,100,67.25,49.45,28.71,,transformer
521,23-07-27 14:40:46,multiwoz2.2,1,0,0,4,100,69.5,52.25,28.1,,transformer
522,23-07-27 14:45:54,multiwoz2.2,1,0,0,4,100,68.75,50.24,25.36,,transformer
523,23-07-27 14:51:06,multiwoz2.2,1,0,0,4,100,70.08,53.26,28.1,,transformer
524,23-07-27 14:56:10,multiwoz2.2,1,0,0,4,100,69.92,51.92,27.27,,transformer
525,23-07-27 15:01:17,multiwoz2.2,1,0,0,4,100,69.75,51.04,28.44,,transformer
526,23-07-27 15:06:21,multiwoz2.2,1,0,0,4,100,70.42,52.14,28.57,,transformer
527,23-07-27 15:11:30,multiwoz2.2,1,0,0,4,100,71.33,54.36,28.1,,transformer
528,23-07-27 15:16:36,multiwoz2.2,1,0,0,4,100,71.58,53.69,28.85,,transformer
529,23-07-27 15:21:42,multiwoz2.2,1,0,0,4,100,71.0,53.26,30.33,,transformer
530,23-07-27 15:26:40,multiwoz2.2,1,0,0,4,100,71.25,52.04,27.01,,transformer
531,23-07-27 15:31:40,multiwoz2.2,1,0,0,4,100,71.92,54.57,30.81,,transformer
532,23-07-27 15:36:41,multiwoz2.2,1,0,0,4,100,71.17,54.69,31.28,,transformer
533,23-07-27 15:41:43,multiwoz2.2,1,0,0,4,100,71.58,53.65,30.0,,transformer
534,23-07-27 15:46:43,multiwoz2.2,1,0,0,4,100,72.75,54.88,32.7,,transformer
535,23-07-27 15:51:49,multiwoz2.2,1,0,0,4,100,73.5,56.62,33.97,,transformer
536,23-07-27 15:56:51,multiwoz2.2,1,0,0,4,100,72.17,55.17,29.86,,transformer
537,23-07-27 16:01:53,multiwoz2.2,1,0,0,4,100,71.58,54.49,32.38,,transformer
538,23-07-27 16:06:53,multiwoz2.2,1,0,0,4,100,73.17,55.22,29.38,,transformer
539,23-07-27 16:11:48,multiwoz2.2,1,0,0,4,100,73.58,56.04,35.55,,transformer
540,23-07-27 16:16:50,multiwoz2.2,1,0,0,4,100,73.33,56.32,33.65,,transformer
541,23-07-27 16:19:18,multiwoz2.2,1,0,0,4,100,73.27,44.69,28.28,save/multiwoz2.2/taxi/4/1-cluster/best,transformer
542,23-07-27 16:19:19,multiwoz2.2,1,all,0,4,100,73.27,44.69,28.28,save/multiwoz2.2/taxi/4/1-cluster/best,transformer
543,23-07-28 02:02:30,multiwoz2.2,2,0,0,4,100,77.42,73.47,56.0,,transformer
544,23-07-28 02:08:08,multiwoz2.2,2,1,0,4,100,81.0,77.92,59.18,,transformer
545,23-07-28 02:13:27,multiwoz2.2,2,0,0,4,100,80.75,76.98,60.18,,transformer
546,23-07-28 02:18:59,multiwoz2.2,2,1,0,4,100,78.67,75.75,58.52,,transformer
547,23-07-28 02:24:04,multiwoz2.2,2,0,0,4,100,82.0,78.41,63.66,,transformer
548,23-07-28 02:29:03,multiwoz2.2,2,1,0,4,100,82.92,81.15,65.75,,transformer
549,23-07-28 02:34:04,multiwoz2.2,2,0,0,4,100,80.92,77.63,61.47,,transformer
550,23-07-28 02:39:07,multiwoz2.2,2,1,0,4,100,83.67,81.68,67.12,,transformer
551,23-07-28 02:44:04,multiwoz2.2,2,0,0,4,100,82.17,78.33,61.96,,transformer
552,23-07-28 02:49:22,multiwoz2.2,2,1,0,4,100,83.08,80.94,64.44,,transformer
553,23-07-28 02:54:16,multiwoz2.2,2,0,0,4,100,80.33,76.14,62.73,,transformer
554,23-07-28 02:59:48,multiwoz2.2,2,1,0,4,100,82.58,80.16,65.05,,transformer
555,23-07-28 03:04:44,multiwoz2.2,2,0,0,4,100,83.67,80.15,64.72,,transformer
556,23-07-28 03:10:17,multiwoz2.2,2,1,0,4,100,81.58,79.22,63.87,,transformer
557,23-07-28 03:15:10,multiwoz2.2,2,0,0,4,100,81.92,78.87,64.44,,transformer
558,23-07-28 03:20:56,multiwoz2.2,2,1,0,4,100,78.92,75.95,58.63,,transformer
559,23-07-28 03:25:51,multiwoz2.2,2,0,0,4,100,81.25,77.45,60.8,,transformer
560,23-07-28 03:31:17,multiwoz2.2,2,1,0,4,100,80.25,77.84,59.45,,transformer
561,23-07-28 03:36:10,multiwoz2.2,2,0,0,4,100,83.42,80.22,65.43,,transformer
562,23-07-28 03:41:04,multiwoz2.2,2,0,0,4,100,81.33,79.37,64.01,,transformer
563,23-07-28 03:45:59,multiwoz2.2,2,0,0,4,100,82.08,79.03,65.19,,transformer
564,23-07-28 03:50:54,multiwoz2.2,2,0,0,4,100,82.58,80.35,64.35,,transformer
565,23-07-28 03:55:46,multiwoz2.2,2,0,0,4,100,80.67,77.73,59.64,,transformer
566,23-07-28 04:00:40,multiwoz2.2,2,0,0,4,100,83.0,79.33,60.68,,transformer
567,23-07-28 04:05:32,multiwoz2.2,2,0,0,4,100,84.17,80.61,67.67,,transformer
568,23-07-28 04:10:28,multiwoz2.2,2,0,0,4,100,84.25,81.37,65.75,,transformer
569,23-07-28 04:15:20,multiwoz2.2,2,0,0,4,100,79.83,75.62,61.56,,transformer
570,23-07-28 04:20:13,multiwoz2.2,2,0,0,4,100,82.33,79.23,66.18,,transformer
571,23-07-28 04:25:05,multiwoz2.2,2,0,0,4,100,82.92,80.13,65.17,,transformer
572,23-07-28 04:29:58,multiwoz2.2,2,0,0,4,100,81.58,78.12,60.62,,transformer
573,23-07-28 04:34:51,multiwoz2.2,2,0,0,4,100,80.58,76.93,61.7,,transformer
574,23-07-28 04:38:57,multiwoz2.2,2,0,0,4,100,82.06,70.45,51.51,save/multiwoz2.2/restaurant/4/2-cluster/best,transformer
575,23-07-28 04:44:43,multiwoz2.2,2,1,0,4,100,81.75,60.99,29.61,save/multiwoz2.2/restaurant/4/2-cluster/best,transformer
576,23-07-28 04:44:50,multiwoz2.2,2,all,0,4,100,81.87,54.45,24.49,save/multiwoz2.2/restaurant/4/2-cluster/best,transformer
577,23-07-28 04:54:02,multiwoz2.2,3,0,0,4,100,79.83,75.94,58.73,,transformer
578,23-07-28 04:59:15,multiwoz2.2,3,1,0,4,100,80.33,77.76,58.87,,transformer
579,23-07-28 05:04:28,multiwoz2.2,3,0,0,4,100,81.25,77.96,61.11,,transformer
580,23-07-28 05:09:50,multiwoz2.2,3,1,0,4,100,83.17,80.64,62.46,,transformer
581,23-07-28 05:14:55,multiwoz2.2,3,0,0,4,100,80.0,75.94,59.15,,transformer
582,23-07-28 05:20:26,multiwoz2.2,3,1,0,4,100,82.83,80.42,61.75,,transformer
583,23-07-28 05:25:32,multiwoz2.2,3,0,0,4,100,81.42,77.92,61.7,,transformer
584,23-07-28 05:31:09,multiwoz2.2,3,1,0,4,100,84.75,82.31,67.3,,transformer
585,23-07-28 05:36:13,multiwoz2.2,3,0,0,4,100,79.67,76.71,60.96,,transformer
586,23-07-28 05:41:05,multiwoz2.2,3,1,0,4,100,85.33,83.53,68.48,,transformer
587,23-07-28 05:46:03,multiwoz2.2,3,0,0,4,100,83.67,80.74,62.95,,transformer
588,23-07-28 05:51:07,multiwoz2.2,3,1,0,4,100,82.83,81.03,63.81,,transformer
589,23-07-28 05:56:05,multiwoz2.2,3,0,0,4,100,79.5,75.83,60.24,,transformer
590,23-07-28 06:01:32,multiwoz2.2,3,1,0,4,100,82.25,79.66,61.29,,transformer
591,23-07-28 06:06:33,multiwoz2.2,3,0,0,4,100,76.83,72.2,55.93,,transformer
592,23-07-28 06:12:01,multiwoz2.2,3,1,0,4,100,81.08,78.72,58.84,,transformer
593,23-07-28 06:16:58,multiwoz2.2,3,0,0,4,100,77.92,74.01,55.52,,transformer
594,23-07-28 06:22:23,multiwoz2.2,3,1,0,4,100,78.67,76.12,57.3,,transformer
595,23-07-28 06:27:19,multiwoz2.2,3,0,0,4,100,76.92,72.12,56.02,,transformer
596,23-07-28 06:32:50,multiwoz2.2,3,1,0,4,100,80.33,77.79,60.16,,transformer
597,23-07-28 06:37:42,multiwoz2.2,3,0,0,4,100,80.67,76.84,59.94,,transformer
598,23-07-28 06:41:46,multiwoz2.2,3,0,0,4,100,81.14,69.57,48.74,save/multiwoz2.2/restaurant/4/3-cluster/best,transformer
599,23-07-28 06:46:39,multiwoz2.2,3,1,0,4,100,81.85,62.33,29.37,save/multiwoz2.2/restaurant/4/3-cluster/best,transformer
600,23-07-28 06:46:45,multiwoz2.2,3,all,0,4,100,81.58,55.95,22.25,save/multiwoz2.2/restaurant/4/3-cluster/best,transformer
601,23-07-28 06:55:52,multiwoz2.2,5,1,0,4,100,76.75,73.64,57.89,,transformer
602,23-07-28 07:00:39,multiwoz2.2,5,2,0,4,100,81.92,80.36,61.9,,transformer
603,23-07-28 07:05:41,multiwoz2.2,5,3,0,4,100,86.17,86.17,68.75,,transformer
604,23-07-28 07:11:28,multiwoz2.2,5,4,0,4,100,41.67,40.24,22.95,,transformer
605,23-07-28 07:16:40,multiwoz2.2,5,1,0,4,100,78.58,75.72,57.06,,transformer
606,23-07-28 07:21:24,multiwoz2.2,5,2,0,4,100,72.83,70.27,50.87,,transformer
607,23-07-28 07:26:22,multiwoz2.2,5,3,0,4,100,87.58,87.58,70.22,,transformer
608,23-07-28 07:32:02,multiwoz2.2,5,4,0,4,100,43.33,41.36,21.92,,transformer
609,23-07-28 07:37:06,multiwoz2.2,5,1,0,4,100,81.17,78.66,62.5,,transformer
610,23-07-28 07:41:51,multiwoz2.2,5,2,0,4,100,84.92,83.51,67.26,,transformer
611,23-07-28 07:46:54,multiwoz2.2,5,3,0,4,100,83.0,83.0,63.6,,transformer
612,23-07-28 07:52:23,multiwoz2.2,5,4,0,4,100,15.83,15.12,4.18,,transformer
613,23-07-28 07:57:23,multiwoz2.2,5,1,0,4,100,78.25,75.2,58.17,,transformer
614,23-07-28 08:02:08,multiwoz2.2,5,2,0,4,100,86.33,84.75,69.32,,transformer
615,23-07-28 08:07:15,multiwoz2.2,5,3,0,4,100,77.0,77.0,54.04,,transformer
616,23-07-28 08:12:13,multiwoz2.2,5,4,0,4,100,41.08,38.44,17.17,,transformer
617,23-07-28 08:17:03,multiwoz2.2,5,1,0,4,100,80.25,78.04,61.95,,transformer
618,23-07-28 08:21:46,multiwoz2.2,5,2,0,4,100,85.83,84.34,67.94,,transformer
619,23-07-28 08:26:54,multiwoz2.2,5,3,0,4,100,73.17,73.17,48.16,,transformer
620,23-07-28 08:32:18,multiwoz2.2,5,4,0,4,100,37.33,34.57,15.49,,transformer
621,23-07-28 08:37:10,multiwoz2.2,5,1,0,4,100,76.25,73.48,55.82,,transformer
622,23-07-28 08:41:50,multiwoz2.2,5,2,0,4,100,84.67,82.82,64.69,,transformer
623,23-07-28 08:46:54,multiwoz2.2,5,3,0,4,100,72.58,72.58,47.06,,transformer
624,23-07-28 08:52:06,multiwoz2.2,5,4,0,4,100,53.17,50.33,28.18,,transformer
625,23-07-28 08:56:57,multiwoz2.2,5,1,0,4,100,78.17,75.4,60.7,,transformer
626,23-07-28 09:01:37,multiwoz2.2,5,2,0,4,100,88.17,87.05,72.94,,transformer
627,23-07-28 09:06:43,multiwoz2.2,5,3,0,4,100,80.58,80.58,59.93,,transformer
628,23-07-28 09:12:29,multiwoz2.2,5,4,0,4,100,43.83,40.69,20.22,,transformer
629,23-07-28 09:17:30,multiwoz2.2,5,1,0,4,100,79.0,76.11,62.02,,transformer
630,23-07-28 09:22:16,multiwoz2.2,5,2,0,4,100,85.25,83.91,65.97,,transformer
631,23-07-28 09:27:58,multiwoz2.2,5,4,0,4,100,44.92,42.15,23.71,,transformer
632,23-07-28 09:32:42,multiwoz2.2,5,2,0,4,100,86.58,85.29,67.85,,transformer
633,23-07-28 09:38:11,multiwoz2.2,5,4,0,4,100,57.33,55.08,33.33,,transformer
634,23-07-28 09:42:53,multiwoz2.2,5,2,0,4,100,86.17,85.32,68.24,,transformer
635,23-07-28 09:48:21,multiwoz2.2,5,4,0,4,100,42.08,39.5,20.11,,transformer
636,23-07-28 09:53:08,multiwoz2.2,5,2,0,4,100,85.58,84.08,66.37,,transformer
637,23-07-28 09:58:41,multiwoz2.2,5,4,0,4,100,61.67,59.13,36.59,,transformer
638,23-07-28 10:03:41,multiwoz2.2,5,2,0,4,100,77.0,74.67,52.48,,transformer
639,23-07-28 10:09:18,multiwoz2.2,5,4,0,4,100,56.75,54.75,35.52,,transformer
640,23-07-28 10:14:22,multiwoz2.2,5,4,0,4,100,62.17,60.34,41.1,,transformer
641,23-07-28 10:19:44,multiwoz2.2,5,4,0,4,100,58.5,57.22,36.99,,transformer
642,23-07-28 10:25:26,multiwoz2.2,5,4,0,4,100,42.75,39.85,20.72,,transformer
643,23-07-28 10:30:29,multiwoz2.2,5,4,0,4,100,53.92,51.63,31.15,,transformer
644,23-07-28 10:35:38,multiwoz2.2,5,4,0,4,100,49.08,46.94,24.86,,transformer
645,23-07-28 10:41:05,multiwoz2.2,5,4,0,4,100,54.58,52.09,29.2,,transformer
646,23-07-28 10:44:17,multiwoz2.2,5,1,0,4,100,80.03,72.03,53.77,save/multiwoz2.2/restaurant/4/5-cluster/best,transformer
647,23-07-28 10:46:54,multiwoz2.2,5,2,0,4,100,75.34,62.5,34.97,save/multiwoz2.2/restaurant/4/5-cluster/best,transformer
648,23-07-28 10:47:58,multiwoz2.2,5,3,0,4,100,76.03,76.03,52.65,save/multiwoz2.2/restaurant/4/5-cluster/best,transformer
649,23-07-28 10:50:19,multiwoz2.2,5,4,0,4,100,62.46,56.63,22.39,save/multiwoz2.2/restaurant/4/5-cluster/best,transformer
650,23-07-28 10:50:25,multiwoz2.2,5,all,0,4,100,72.95,42.45,13.03,save/multiwoz2.2/restaurant/4/5-cluster/best,transformer
651,23-07-28 10:59:35,multiwoz2.2,2,0,0,4,100,82.33,81.21,71.46,,transformer
652,23-07-28 11:05:21,multiwoz2.2,2,1,0,4,100,50.25,45.89,29.83,,transformer
653,23-07-28 11:10:13,multiwoz2.2,2,0,0,4,100,86.5,86.03,76.79,,transformer
654,23-07-28 11:15:42,multiwoz2.2,2,1,0,4,100,47.33,42.05,25.4,,transformer
655,23-07-28 11:20:31,multiwoz2.2,2,0,0,4,100,87.58,86.58,78.72,,transformer
656,23-07-28 11:25:36,multiwoz2.2,2,1,0,4,100,49.75,44.17,25.92,,transformer
657,23-07-28 11:30:25,multiwoz2.2,2,0,0,4,100,85.92,84.81,76.54,,transformer
658,23-07-28 11:35:39,multiwoz2.2,2,1,0,4,100,51.83,46.21,28.34,,transformer
659,23-07-28 11:40:28,multiwoz2.2,2,0,0,4,100,86.5,85.06,75.63,,transformer
660,23-07-28 11:45:30,multiwoz2.2,2,1,0,4,100,57.83,53.93,34.93,,transformer
661,23-07-28 11:50:19,multiwoz2.2,2,0,0,4,100,84.83,84.09,76.64,,transformer
662,23-07-28 11:55:51,multiwoz2.2,2,1,0,4,100,59.92,55.81,39.72,,transformer
663,23-07-28 12:00:42,multiwoz2.2,2,0,0,4,100,87.83,87.11,79.5,,transformer
664,23-07-28 12:05:32,multiwoz2.2,2,1,0,4,100,53.0,48.73,28.13,,transformer
665,23-07-28 12:10:20,multiwoz2.2,2,0,0,4,100,88.0,87.49,79.95,,transformer
666,23-07-28 12:15:11,multiwoz2.2,2,1,0,4,100,64.67,60.61,46.4,,transformer
667,23-07-28 12:20:01,multiwoz2.2,2,0,0,4,100,88.83,87.77,78.54,,transformer
668,23-07-28 12:25:10,multiwoz2.2,2,1,0,4,100,58.25,53.89,36.02,,transformer
669,23-07-28 12:30:01,multiwoz2.2,2,0,0,4,100,88.0,86.9,77.03,,transformer
670,23-07-28 12:34:55,multiwoz2.2,2,1,0,4,100,70.58,67.24,51.52,,transformer
671,23-07-28 12:39:47,multiwoz2.2,2,0,0,4,100,87.17,85.83,75.92,,transformer
672,23-07-28 12:45:10,multiwoz2.2,2,1,0,4,100,63.08,60.1,44.27,,transformer
673,23-07-28 12:49:57,multiwoz2.2,2,0,0,4,100,85.67,84.68,75.29,,transformer
674,23-07-28 12:55:25,multiwoz2.2,2,1,0,4,100,55.75,52.37,35.75,,transformer
675,23-07-28 13:00:11,multiwoz2.2,2,0,0,4,100,87.33,86.69,80.59,,transformer
676,23-07-28 13:05:51,multiwoz2.2,2,1,0,4,100,50.42,46.34,27.4,,transformer
677,23-07-28 13:10:37,multiwoz2.2,2,0,0,4,100,86.17,85.58,77.1,,transformer
678,23-07-28 13:16:17,multiwoz2.2,2,1,0,4,100,51.33,45.97,22.73,,transformer
679,23-07-28 13:22:04,multiwoz2.2,2,1,0,4,100,48.58,42.29,22.38,,transformer
680,23-07-28 13:26:16,multiwoz2.2,2,0,0,4,100,88.06,82.23,58.2,save/multiwoz2.2/train/4/2-cluster/best,transformer
681,23-07-28 13:30:40,multiwoz2.2,2,1,0,4,100,68.58,49.02,19.1,save/multiwoz2.2/train/4/2-cluster/best,transformer
682,23-07-28 13:30:47,multiwoz2.2,2,all,0,4,100,77.32,48.27,17.18,save/multiwoz2.2/train/4/2-cluster/best,transformer
683,23-07-28 13:40:27,multiwoz2.2,3,0,0,4,100,67.58,65.45,50.23,,transformer
684,23-07-28 13:45:15,multiwoz2.2,3,1,0,4,100,52.58,45.46,36.28,,transformer
685,23-07-28 13:50:09,multiwoz2.2,3,0,0,4,100,73.92,72.01,58.06,,transformer
686,23-07-28 13:54:48,multiwoz2.2,3,1,0,4,100,47.75,39.86,38.55,,transformer
687,23-07-28 13:59:42,multiwoz2.2,3,0,0,4,100,78.75,76.98,64.27,,transformer
688,23-07-28 14:04:31,multiwoz2.2,3,1,0,4,100,61.17,56.32,44.35,,transformer
689,23-07-28 14:09:33,multiwoz2.2,3,0,0,4,100,80.42,79.16,65.33,,transformer
690,23-07-28 14:14:22,multiwoz2.2,3,1,0,4,100,68.5,63.7,49.85,,transformer
691,23-07-28 14:19:14,multiwoz2.2,3,0,0,4,100,80.17,78.26,62.65,,transformer
692,23-07-28 14:23:57,multiwoz2.2,3,1,0,4,100,50.67,43.05,39.6,,transformer
693,23-07-28 14:28:47,multiwoz2.2,3,0,0,4,100,82.33,81.05,68.94,,transformer
694,23-07-28 14:33:34,multiwoz2.2,3,1,0,4,100,55.17,49.32,41.06,,transformer
695,23-07-28 14:38:27,multiwoz2.2,3,0,0,4,100,82.83,81.12,66.51,,transformer
696,23-07-28 14:43:12,multiwoz2.2,3,1,0,4,100,61.58,56.53,44.93,,transformer
697,23-07-28 14:48:06,multiwoz2.2,3,0,0,4,100,81.92,79.96,67.29,,transformer
698,23-07-28 14:52:58,multiwoz2.2,3,1,0,4,100,52.33,44.92,41.18,,transformer
699,23-07-28 14:57:50,multiwoz2.2,3,0,0,4,100,79.67,77.4,64.27,,transformer
700,23-07-28 15:02:36,multiwoz2.2,3,1,0,4,100,49.83,42.79,41.53,,transformer
701,23-07-28 15:07:27,multiwoz2.2,3,0,0,4,100,79.83,77.6,64.04,,transformer
702,23-07-28 15:12:19,multiwoz2.2,3,0,0,4,100,83.42,82.12,70.92,,transformer
703,23-07-28 15:17:13,multiwoz2.2,3,0,0,4,100,83.75,83.25,71.92,,transformer
704,23-07-28 15:22:03,multiwoz2.2,3,0,0,4,100,80.83,79.12,67.29,,transformer
705,23-07-28 15:26:53,multiwoz2.2,3,0,0,4,100,82.83,81.07,68.66,,transformer
706,23-07-28 15:31:43,multiwoz2.2,3,0,0,4,100,83.0,81.46,69.25,,transformer
707,23-07-28 15:36:33,multiwoz2.2,3,0,0,4,100,79.67,77.98,64.24,,transformer
708,23-07-28 15:41:22,multiwoz2.2,3,0,0,4,100,84.08,82.8,72.2,,transformer
709,23-07-28 15:48:23,multiwoz2.2,3,0,0,4,100,82.89,66.1,34.36,save/multiwoz2.2/train/4/3-cluster/best,transformer
710,23-07-28 15:49:49,multiwoz2.2,3,1,0,4,100,49.58,33.16,33.69,save/multiwoz2.2/train/4/3-cluster/best,transformer
711,23-07-28 15:49:56,multiwoz2.2,3,all,0,4,100,76.21,42.77,18.81,save/multiwoz2.2/train/4/3-cluster/best,transformer
712,23-07-28 15:59:45,multiwoz2.2,5,0,0,4,100,38.0,33.49,18.01,,transformer
713,23-07-28 16:04:43,multiwoz2.2,5,1,0,4,100,85.08,85.08,74.09,,transformer
714,23-07-28 16:09:38,multiwoz2.2,5,2,0,4,100,55.0,49.17,40.23,,transformer
715,23-07-28 16:15:29,multiwoz2.2,5,0,0,4,100,34.17,30.21,16.74,,transformer
716,23-07-28 16:20:19,multiwoz2.2,5,1,0,4,100,85.5,85.5,74.03,,transformer
717,23-07-28 16:25:02,multiwoz2.2,5,2,0,4,100,46.5,39.58,38.35,,transformer
718,23-07-28 16:30:54,multiwoz2.2,5,0,0,4,100,43.58,38.76,18.69,,transformer
719,23-07-28 16:35:44,multiwoz2.2,5,1,0,4,100,86.08,86.08,78.35,,transformer
720,23-07-28 16:40:22,multiwoz2.2,5,2,0,4,100,45.17,37.15,36.44,,transformer
721,23-07-28 16:46:15,multiwoz2.2,5,0,0,4,100,38.83,33.33,15.37,,transformer
722,23-07-28 16:51:04,multiwoz2.2,5,1,0,4,100,85.83,85.83,76.85,,transformer
723,23-07-28 16:55:54,multiwoz2.2,5,2,0,4,100,46.92,39.47,38.05,,transformer
724,23-07-28 17:01:41,multiwoz2.2,5,0,0,4,100,34.75,30.52,17.1,,transformer
725,23-07-28 17:06:30,multiwoz2.2,5,1,0,4,100,85.75,85.75,74.94,,transformer
726,23-07-28 17:12:14,multiwoz2.2,5,2,0,4,100,50.58,43.89,37.5,,transformer
727,23-07-28 17:18:05,multiwoz2.2,5,0,0,4,100,42.75,37.84,19.53,,transformer
728,23-07-28 17:22:54,multiwoz2.2,5,1,0,4,100,88.17,88.17,78.84,,transformer
729,23-07-28 17:28:17,multiwoz2.2,5,2,0,4,100,55.42,49.03,40.06,,transformer
730,23-07-28 17:34:03,multiwoz2.2,5,0,0,4,100,22.08,19.0,7.85,,transformer
731,23-07-28 17:38:52,multiwoz2.2,5,1,0,4,100,89.17,89.17,80.5,,transformer
732,23-07-28 17:44:47,multiwoz2.2,5,0,0,4,100,26.5,22.57,10.37,,transformer
733,23-07-28 17:49:36,multiwoz2.2,5,1,0,4,100,86.92,86.92,76.66,,transformer
734,23-07-28 17:54:28,multiwoz2.2,5,1,0,4,100,88.75,88.75,78.82,,transformer
735,23-07-28 17:59:15,multiwoz2.2,5,1,0,4,100,86.83,86.83,77.65,,transformer
736,23-07-28 18:04:07,multiwoz2.2,5,1,0,4,100,87.0,87.0,76.71,,transformer
737,23-07-28 18:08:54,multiwoz2.2,5,1,0,4,100,85.83,85.83,74.26,,transformer
738,23-07-28 18:19:09,multiwoz2.2,5,0,0,4,100,22.08,1.9,0.0,save/multiwoz2.2/train/4/5-cluster/best,transformer
739,23-07-28 18:20:43,multiwoz2.2,5,1,0,4,100,87.33,87.33,67.08,save/multiwoz2.2/train/4/5-cluster/best,transformer
740,23-07-28 18:23:14,multiwoz2.2,5,2,0,4,100,54.16,38.8,33.96,save/multiwoz2.2/train/4/5-cluster/best,transformer
741,23-07-28 18:23:20,multiwoz2.2,5,all,0,4,100,43.03,2.75,0.0,save/multiwoz2.2/train/4/5-cluster/best,transformer
742,23-07-28 21:04:58,multiwoz2.2,1,0,0,4,100,79.67,76.71,59.34,,transformer
743,23-07-28 21:09:43,multiwoz2.2,1,0,0,4,100,85.5,83.45,68.75,,transformer
744,23-07-28 21:14:32,multiwoz2.2,1,0,0,4,100,84.08,81.5,68.04,,transformer
745,23-07-28 21:19:18,multiwoz2.2,1,0,0,4,100,84.33,81.63,68.81,,transformer
746,23-07-28 21:24:07,multiwoz2.2,1,0,0,4,100,85.92,83.79,70.95,,transformer
747,23-07-28 21:28:53,multiwoz2.2,1,0,0,4,100,89.5,87.75,77.95,,transformer
748,23-07-28 21:33:38,multiwoz2.2,1,0,0,4,100,84.67,81.88,68.16,,transformer
749,23-07-28 21:38:25,multiwoz2.2,1,0,0,4,100,86.92,85.28,71.12,,transformer
750,23-07-28 21:43:09,multiwoz2.2,1,0,0,4,100,83.67,81.59,64.42,,transformer
751,23-07-28 21:47:57,multiwoz2.2,1,0,0,4,100,83.5,81.18,69.55,,transformer
752,23-07-28 21:52:41,multiwoz2.2,1,0,0,4,100,83.42,81.47,66.49,,transformer
753,23-07-28 22:01:10,multiwoz2.2,1,0,0,4,100,84.93,66.86,34.61,save/multiwoz2.2/restaurant/4/1-cluster/best,transformer
754,23-07-28 22:01:16,multiwoz2.2,1,all,0,4,100,84.93,66.86,34.61,save/multiwoz2.2/restaurant/4/1-cluster/best,transformer
755,23-07-28 22:10:37,multiwoz2.2,1,0,0,4,100,72.58,69.54,51.03,,transformer
756,23-07-28 22:15:24,multiwoz2.2,1,0,0,4,100,80.83,79.37,66.12,,transformer
757,23-07-28 22:20:08,multiwoz2.2,1,0,0,4,100,80.42,77.97,68.36,,transformer
758,23-07-28 22:24:53,multiwoz2.2,1,0,0,4,100,81.17,79.02,64.08,,transformer
759,23-07-28 22:29:39,multiwoz2.2,1,0,0,4,100,80.5,78.8,66.12,,transformer
760,23-07-28 22:34:23,multiwoz2.2,1,0,0,4,100,84.42,82.08,68.08,,transformer
761,23-07-28 22:39:06,multiwoz2.2,1,0,0,4,100,82.83,81.14,68.53,,transformer
762,23-07-28 22:43:51,multiwoz2.2,1,0,0,4,100,84.33,82.39,70.29,,transformer
763,23-07-28 22:48:34,multiwoz2.2,1,0,0,4,100,84.17,82.29,71.43,,transformer
764,23-07-28 22:53:18,multiwoz2.2,1,0,0,4,100,83.42,81.71,66.97,,transformer
765,23-07-28 22:58:01,multiwoz2.2,1,0,0,4,100,78.0,75.05,60.05,,transformer
766,23-07-28 23:02:44,multiwoz2.2,1,0,0,4,100,83.83,82.16,69.48,,transformer
767,23-07-28 23:07:27,multiwoz2.2,1,0,0,4,100,84.42,82.48,70.66,,transformer
768,23-07-28 23:12:33,multiwoz2.2,1,0,0,4,100,83.0,81.02,67.37,,transformer
769,23-07-28 23:17:18,multiwoz2.2,1,0,0,4,100,84.67,82.79,69.98,,transformer
770,23-07-28 23:22:01,multiwoz2.2,1,0,0,4,100,84.5,82.79,73.27,,transformer
771,23-07-28 23:26:42,multiwoz2.2,1,0,0,4,100,82.33,79.78,67.44,,transformer
772,23-07-28 23:31:27,multiwoz2.2,1,0,0,4,100,84.5,82.8,72.64,,transformer
773,23-07-28 23:36:10,multiwoz2.2,1,0,0,4,100,83.83,81.6,68.32,,transformer
774,23-07-28 23:40:55,multiwoz2.2,1,0,0,4,100,84.83,83.47,72.04,,transformer
775,23-07-28 23:45:37,multiwoz2.2,1,0,0,4,100,85.5,83.74,72.2,,transformer
776,23-07-28 23:50:20,multiwoz2.2,1,0,0,4,100,83.92,81.76,69.72,,transformer
777,23-07-28 23:55:03,multiwoz2.2,1,0,0,4,100,82.92,80.8,66.82,,transformer
778,23-07-28 23:59:46,multiwoz2.2,1,0,0,4,100,81.92,79.73,66.28,,transformer
779,23-07-29 00:04:32,multiwoz2.2,1,0,0,4,100,86.0,84.94,72.9,,transformer
780,23-07-29 00:09:16,multiwoz2.2,1,0,0,4,100,84.5,83.35,72.9,,transformer
781,23-07-29 00:14:02,multiwoz2.2,1,0,0,4,100,82.92,80.87,70.35,,transformer
782,23-07-29 00:18:45,multiwoz2.2,1,0,0,4,100,83.75,81.23,68.58,,transformer
783,23-07-29 00:23:29,multiwoz2.2,1,0,0,4,100,83.58,81.31,67.52,,transformer
784,23-07-29 00:28:13,multiwoz2.2,1,0,0,4,100,82.67,81.31,67.37,,transformer
785,23-07-29 00:36:33,multiwoz2.2,1,0,0,4,100,83.34,57.84,27.2,save/multiwoz2.2/train/4/1-cluster/best,transformer
786,23-07-29 00:36:39,multiwoz2.2,1,all,0,4,100,83.34,57.84,27.2,save/multiwoz2.2/train/4/1-cluster/best,transformer
787,23-07-29 00:46:13,multiwoz2.2,2,0,0,4,100,66.83,47.83,26.32,,transformer
788,23-07-29 00:51:22,multiwoz2.2,2,0,0,4,100,72.67,55.85,34.29,,transformer
789,23-07-29 00:56:17,multiwoz2.2,2,0,0,4,100,72.33,54.96,31.75,,transformer
790,23-07-29 01:01:18,multiwoz2.2,2,0,0,4,100,72.33,56.05,34.12,,transformer
791,23-07-29 01:06:05,multiwoz2.2,2,0,0,4,100,74.83,59.97,35.89,,transformer
792,23-07-29 01:11:00,multiwoz2.2,2,0,0,4,100,74.08,57.14,36.49,,transformer
793,23-07-29 01:15:49,multiwoz2.2,2,0,0,4,100,74.92,59.43,37.62,,transformer
794,23-07-29 01:20:37,multiwoz2.2,2,0,0,4,100,75.0,59.97,38.39,,transformer
795,23-07-29 01:25:30,multiwoz2.2,2,0,0,4,100,75.0,59.14,37.91,,transformer
796,23-07-29 01:30:18,multiwoz2.2,2,0,0,4,100,74.5,58.41,38.1,,transformer
797,23-07-29 01:32:41,multiwoz2.2,2,0,0,4,100,74.56,47.34,28.28,save/multiwoz2.2/taxi/4/2-cluster/best,transformer
798,23-07-29 01:32:42,multiwoz2.2,2,all,0,4,100,74.56,47.34,28.28,save/multiwoz2.2/taxi/4/2-cluster/best,transformer
799,23-07-29 01:41:47,multiwoz2.2,3,0,0,4,100,39.29,39.29,22.33,,transformer
800,23-07-29 01:46:58,multiwoz2.2,3,2,0,4,100,71.31,55.56,39.34,,transformer
801,23-07-29 01:51:28,multiwoz2.2,3,0,0,4,100,53.79,53.79,35.44,,transformer
802,23-07-29 01:56:41,multiwoz2.2,3,2,0,4,100,69.55,53.15,36.02,,transformer
803,23-07-29 02:01:08,multiwoz2.2,3,0,0,4,100,58.85,58.85,43.2,,transformer
804,23-07-29 02:06:42,multiwoz2.2,3,2,0,4,100,69.38,51.8,31.75,,transformer
805,23-07-29 02:11:08,multiwoz2.2,3,0,0,4,100,55.82,55.82,39.81,,transformer
806,23-07-29 02:16:45,multiwoz2.2,3,2,0,4,100,65.18,47.3,27.49,,transformer
807,23-07-29 02:21:12,multiwoz2.2,3,0,0,4,100,64.76,64.76,50.0,,transformer
808,23-07-29 02:26:41,multiwoz2.2,3,2,0,4,100,68.12,50.15,29.38,,transformer
809,23-07-29 02:31:07,multiwoz2.2,3,0,0,4,100,56.32,56.32,40.29,,transformer
810,23-07-29 02:36:31,multiwoz2.2,3,2,0,4,100,72.06,55.71,36.49,,transformer
811,23-07-29 02:41:00,multiwoz2.2,3,0,0,4,100,61.89,61.89,45.15,,transformer
812,23-07-29 02:46:22,multiwoz2.2,3,2,0,4,100,69.88,51.95,33.65,,transformer
813,23-07-29 02:50:48,multiwoz2.2,3,0,0,4,100,66.44,66.44,52.91,,transformer
814,23-07-29 02:56:18,multiwoz2.2,3,2,0,4,100,70.89,53.3,35.55,,transformer
815,23-07-29 03:00:46,multiwoz2.2,3,0,0,4,100,62.73,62.73,47.57,,transformer
816,23-07-29 03:06:13,multiwoz2.2,3,2,0,4,100,71.56,55.86,37.44,,transformer
817,23-07-29 03:10:38,multiwoz2.2,3,0,0,4,100,61.38,61.38,45.63,,transformer
818,23-07-29 03:16:03,multiwoz2.2,3,2,0,4,100,72.73,56.16,38.39,,transformer
819,23-07-29 03:20:30,multiwoz2.2,3,0,0,4,100,61.21,61.21,43.69,,transformer
820,23-07-29 03:25:17,multiwoz2.2,3,2,0,4,100,70.64,53.3,36.97,,transformer
821,23-07-29 03:29:41,multiwoz2.2,3,0,0,4,100,64.08,64.08,48.06,,transformer
822,23-07-29 03:34:37,multiwoz2.2,3,2,0,4,100,73.91,58.11,39.34,,transformer
823,23-07-29 03:39:05,multiwoz2.2,3,0,0,4,100,54.81,54.81,37.38,,transformer
824,23-07-29 03:44:14,multiwoz2.2,3,2,0,4,100,71.98,56.01,38.86,,transformer
825,23-07-29 03:49:37,multiwoz2.2,3,2,0,4,100,66.61,49.1,29.86,,transformer
826,23-07-29 03:54:53,multiwoz2.2,3,2,0,4,100,68.71,52.4,33.18,,transformer
827,23-07-29 04:00:15,multiwoz2.2,3,2,0,4,100,72.32,56.31,38.86,,transformer
828,23-07-29 04:05:44,multiwoz2.2,3,2,0,4,100,69.04,51.2,31.75,,transformer
829,23-07-29 04:07:19,multiwoz2.2,3,0,0,4,100,62.83,62.83,49.23,save/multiwoz2.2/taxi/4/3-cluster/best,transformer
830,23-07-29 04:08:10,multiwoz2.2,3,2,0,4,100,74.76,58.79,42.64,save/multiwoz2.2/taxi/4/3-cluster/best,transformer
831,23-07-29 04:08:11,multiwoz2.2,3,all,0,4,100,70.76,40.78,22.73,save/multiwoz2.2/taxi/4/3-cluster/best,transformer
832,23-07-29 04:17:54,multiwoz2.2,5,1,0,4,100,41.82,18.85,6.7,,transformer
833,23-07-29 04:22:25,multiwoz2.2,5,3,0,4,100,72.5,72.85,61.06,,transformer
834,23-07-29 04:27:29,multiwoz2.2,5,1,0,4,100,55.62,34.89,19.14,,transformer
835,23-07-29 04:31:57,multiwoz2.2,5,3,0,4,100,65.79,66.23,52.4,,transformer
836,23-07-29 04:37:03,multiwoz2.2,5,1,0,4,100,53.41,31.15,16.75,,transformer
837,23-07-29 04:41:30,multiwoz2.2,5,3,0,4,100,73.49,73.68,62.02,,transformer
838,23-07-29 04:46:39,multiwoz2.2,5,1,0,4,100,47.61,24.61,11.0,,transformer
839,23-07-29 04:51:07,multiwoz2.2,5,3,0,4,100,72.18,72.35,60.58,,transformer
840,23-07-29 04:56:33,multiwoz2.2,5,1,0,4,100,46.08,23.05,10.53,,transformer
841,23-07-29 05:00:56,multiwoz2.2,5,3,0,4,100,78.89,78.97,64.9,,transformer
842,23-07-29 05:06:18,multiwoz2.2,5,1,0,4,100,48.21,25.23,12.44,,transformer
843,23-07-29 05:10:43,multiwoz2.2,5,3,0,4,100,70.05,70.2,54.33,,transformer
844,23-07-29 05:15:47,multiwoz2.2,5,1,0,4,100,41.14,17.6,6.22,,transformer
845,23-07-29 05:20:12,multiwoz2.2,5,3,0,4,100,80.03,80.46,67.31,,transformer
846,23-07-29 05:24:41,multiwoz2.2,5,3,0,4,100,64.16,64.57,48.08,,transformer
847,23-07-29 05:29:05,multiwoz2.2,5,3,0,4,100,79.54,79.8,67.31,,transformer
848,23-07-29 05:33:28,multiwoz2.2,5,3,0,4,100,83.47,83.77,73.08,,transformer
849,23-07-29 05:37:52,multiwoz2.2,5,3,0,4,100,80.03,80.3,68.27,,transformer
850,23-07-29 05:42:14,multiwoz2.2,5,3,0,4,100,76.76,77.32,62.02,,transformer
851,23-07-29 05:46:35,multiwoz2.2,5,3,0,4,100,79.71,80.3,69.71,,transformer
852,23-07-29 05:50:59,multiwoz2.2,5,3,0,4,100,79.05,79.47,67.79,,transformer
853,23-07-29 05:55:20,multiwoz2.2,5,3,0,4,100,80.85,81.29,70.19,,transformer
854,23-07-29 05:57:28,multiwoz2.2,5,1,0,4,100,43.15,20.64,9.09,save/multiwoz2.2/taxi/4/5-cluster/best,transformer
855,23-07-29 05:57:51,multiwoz2.2,5,3,0,4,100,85.97,85.69,77.2,save/multiwoz2.2/taxi/4/5-cluster/best,transformer
856,23-07-29 05:57:52,multiwoz2.2,5,all,0,4,100,56.9,19.84,6.57,save/multiwoz2.2/taxi/4/5-cluster/best,transformer
857,23-07-29 06:06:27,multiwoz2.2,3,0,0,4,100,42.42,37.71,21.29,,transformer
858,23-07-29 06:11:05,multiwoz2.2,3,1,0,4,100,87.67,86.35,75.96,,transformer
859,23-07-29 06:15:47,multiwoz2.2,3,2,0,4,100,75.5,72.12,46.44,,transformer
860,23-07-29 06:20:47,multiwoz2.2,3,0,0,4,100,42.0,36.37,24.05,,transformer
861,23-07-29 06:25:23,multiwoz2.2,3,1,0,4,100,88.58,87.62,74.85,,transformer
862,23-07-29 06:30:00,multiwoz2.2,3,2,0,4,100,76.92,74.34,51.55,,transformer
863,23-07-29 06:34:54,multiwoz2.2,3,0,0,4,100,40.83,35.07,20.56,,transformer
864,23-07-29 06:39:26,multiwoz2.2,3,1,0,4,100,88.25,87.48,77.11,,transformer
865,23-07-29 06:44:05,multiwoz2.2,3,2,0,4,100,79.67,76.58,54.92,,transformer
866,23-07-29 06:48:58,multiwoz2.2,3,0,0,4,100,47.83,41.49,22.25,,transformer
867,23-07-29 06:53:33,multiwoz2.2,3,1,0,4,100,86.58,85.48,70.75,,transformer
868,23-07-29 06:58:10,multiwoz2.2,3,2,0,4,100,77.58,75.42,53.56,,transformer
869,23-07-29 07:03:06,multiwoz2.2,3,0,0,4,100,45.0,39.84,22.83,,transformer
870,23-07-29 07:07:41,multiwoz2.2,3,1,0,4,100,88.58,87.55,74.34,,transformer
871,23-07-29 07:12:19,multiwoz2.2,3,2,0,4,100,71.42,68.66,44.44,,transformer
872,23-07-29 07:17:15,multiwoz2.2,3,0,0,4,100,40.33,34.84,17.38,,transformer
873,23-07-29 07:21:49,multiwoz2.2,3,1,0,4,100,84.08,82.77,70.36,,transformer
874,23-07-29 07:26:25,multiwoz2.2,3,2,0,4,100,68.33,64.58,38.06,,transformer
875,23-07-29 07:31:18,multiwoz2.2,3,0,0,4,100,37.5,31.25,16.9,,transformer
876,23-07-29 07:35:52,multiwoz2.2,3,1,0,4,100,87.17,86.18,72.78,,transformer
877,23-07-29 07:40:29,multiwoz2.2,3,2,0,4,100,69.25,65.76,40.68,,transformer
878,23-07-29 07:45:20,multiwoz2.2,3,0,0,4,100,42.0,35.51,22.01,,transformer
879,23-07-29 07:49:58,multiwoz2.2,3,2,0,4,100,64.5,59.9,34.67,,transformer
880,23-07-29 07:54:50,multiwoz2.2,3,0,0,4,100,37.67,31.39,18.44,,transformer
881,23-07-29 07:59:31,multiwoz2.2,3,0,0,4,100,48.15,22.29,6.04,save/multiwoz2.2/hotel/4/3-cluster/best,transformer
882,23-07-29 08:00:43,multiwoz2.2,3,1,0,4,100,85.52,82.96,62.08,save/multiwoz2.2/hotel/4/3-cluster/best,transformer
883,23-07-29 08:02:29,multiwoz2.2,3,2,0,4,100,78.34,68.4,38.94,save/multiwoz2.2/hotel/4/3-cluster/best,transformer
884,23-07-29 08:02:35,multiwoz2.2,3,all,0,4,100,65.13,25.54,5.06,save/multiwoz2.2/hotel/4/3-cluster/best,transformer
885,23-07-29 08:10:52,multiwoz2.2,5,0,0,4,100,77.25,77.25,45.58,,transformer
886,23-07-29 08:16:04,multiwoz2.2,5,1,0,4,100,47.5,39.79,23.16,,transformer
887,23-07-29 08:20:39,multiwoz2.2,5,2,0,4,100,88.87,88.87,73.28,,transformer
888,23-07-29 08:25:19,multiwoz2.2,5,3,0,4,100,69.5,66.19,41.88,,transformer
889,23-07-29 08:30:13,multiwoz2.2,5,4,0,4,100,60.0,55.48,33.46,,transformer
890,23-07-29 08:34:49,multiwoz2.2,5,0,0,4,100,79.75,79.75,49.12,,transformer
891,23-07-29 08:39:48,multiwoz2.2,5,1,0,4,100,48.58,40.77,24.65,,transformer
892,23-07-29 08:44:20,multiwoz2.2,5,2,0,4,100,91.5,91.5,80.15,,transformer
893,23-07-29 08:48:58,multiwoz2.2,5,3,0,4,100,71.17,68.35,42.55,,transformer
894,23-07-29 08:53:43,multiwoz2.2,5,4,0,4,100,71.83,68.1,43.13,,transformer
895,23-07-29 08:58:21,multiwoz2.2,5,0,0,4,100,83.25,83.25,59.29,,transformer
896,23-07-29 09:03:17,multiwoz2.2,5,1,0,4,100,53.25,46.78,31.37,,transformer
897,23-07-29 09:07:47,multiwoz2.2,5,2,0,4,100,90.8,90.8,78.24,,transformer
898,23-07-29 09:12:23,multiwoz2.2,5,3,0,4,100,70.33,67.66,43.64,,transformer
899,23-07-29 09:17:05,multiwoz2.2,5,4,0,4,100,80.0,77.5,52.69,,transformer
900,23-07-29 09:21:40,multiwoz2.2,5,0,0,4,100,79.17,79.17,50.22,,transformer
901,23-07-29 09:26:34,multiwoz2.2,5,1,0,4,100,51.25,44.31,23.18,,transformer
902,23-07-29 09:31:06,multiwoz2.2,5,2,0,4,100,91.5,91.5,79.77,,transformer
903,23-07-29 09:35:42,multiwoz2.2,5,3,0,4,100,75.83,73.82,50.18,,transformer
904,23-07-29 09:40:26,multiwoz2.2,5,4,0,4,100,71.17,67.89,44.62,,transformer
905,23-07-29 09:45:06,multiwoz2.2,5,0,0,4,100,83.83,83.83,58.41,,transformer
906,23-07-29 09:50:04,multiwoz2.2,5,1,0,4,100,56.5,49.95,29.8,,transformer
907,23-07-29 09:54:38,multiwoz2.2,5,2,0,4,100,91.41,91.41,79.39,,transformer
908,23-07-29 09:59:12,multiwoz2.2,5,3,0,4,100,78.25,76.58,50.18,,transformer
909,23-07-29 10:03:54,multiwoz2.2,5,4,0,4,100,68.83,65.2,42.7,,transformer
910,23-07-29 10:08:28,multiwoz2.2,5,0,0,4,100,74.67,74.67,48.67,,transformer
911,23-07-29 10:13:28,multiwoz2.2,5,1,0,4,100,50.58,43.77,27.42,,transformer
912,23-07-29 10:17:58,multiwoz2.2,5,2,0,4,100,90.89,90.89,78.24,,transformer
913,23-07-29 10:22:34,multiwoz2.2,5,3,0,4,100,74.58,72.89,48.13,,transformer
914,23-07-29 10:27:18,multiwoz2.2,5,4,0,4,100,68.5,64.01,41.79,,transformer
915,23-07-29 10:31:52,multiwoz2.2,5,0,0,4,100,83.75,83.75,57.71,,transformer
916,23-07-29 10:36:46,multiwoz2.2,5,1,0,4,100,48.75,41.59,24.93,,transformer
917,23-07-29 10:41:16,multiwoz2.2,5,2,0,4,100,91.94,91.94,81.68,,transformer
918,23-07-29 10:45:51,multiwoz2.2,5,3,0,4,100,76.17,74.08,50.73,,transformer
919,23-07-29 10:50:40,multiwoz2.2,5,4,0,4,100,69.0,65.5,43.02,,transformer
920,23-07-29 10:55:15,multiwoz2.2,5,0,0,4,100,82.08,82.08,53.3,,transformer
921,23-07-29 11:00:09,multiwoz2.2,5,1,0,4,100,46.5,38.34,21.51,,transformer
922,23-07-29 11:04:41,multiwoz2.2,5,2,0,4,100,92.29,92.29,82.44,,transformer
923,23-07-29 11:09:19,multiwoz2.2,5,3,0,4,100,75.5,73.52,51.85,,transformer
924,23-07-29 11:14:01,multiwoz2.2,5,4,0,4,100,72.67,69.08,43.68,,transformer
925,23-07-29 11:18:38,multiwoz2.2,5,0,0,4,100,81.83,81.83,54.42,,transformer
926,23-07-29 11:23:37,multiwoz2.2,5,1,0,4,100,47.08,39.38,23.25,,transformer
927,23-07-29 11:28:10,multiwoz2.2,5,2,0,4,100,92.38,92.38,82.82,,transformer
928,23-07-29 11:32:47,multiwoz2.2,5,3,0,4,100,74.5,72.5,50.36,,transformer
929,23-07-29 11:37:51,multiwoz2.2,5,0,0,4,100,75.25,75.25,45.81,,transformer
930,23-07-29 11:42:50,multiwoz2.2,5,1,0,4,100,49.0,41.37,25.65,,transformer
931,23-07-29 11:47:26,multiwoz2.2,5,2,0,4,100,88.34,88.34,73.28,,transformer
932,23-07-29 11:52:04,multiwoz2.2,5,3,0,4,100,75.08,73.42,50.18,,transformer
933,23-07-29 11:56:34,multiwoz2.2,5,2,0,4,100,91.85,91.85,80.92,,transformer
934,23-07-29 12:01:05,multiwoz2.2,5,2,0,4,100,91.32,91.32,79.39,,transformer
935,23-07-29 12:05:38,multiwoz2.2,5,2,0,4,100,92.29,92.29,82.44,,transformer
936,23-07-29 12:10:10,multiwoz2.2,5,2,0,4,100,92.02,92.02,82.06,,transformer
937,23-07-29 12:12:11,multiwoz2.2,5,0,0,4,100,82.06,82.06,51.83,save/multiwoz2.2/hotel/4/5-cluster/best,transformer
938,23-07-29 12:15:14,multiwoz2.2,5,1,0,4,100,47.25,17.5,10.24,save/multiwoz2.2/hotel/4/5-cluster/best,transformer
939,23-07-29 12:15:47,multiwoz2.2,5,2,0,4,100,90.79,90.79,82.16,save/multiwoz2.2/hotel/4/5-cluster/best,transformer
940,23-07-29 12:17:02,multiwoz2.2,5,3,0,4,100,76.13,69.99,39.42,save/multiwoz2.2/hotel/4/5-cluster/best,transformer
941,23-07-29 12:18:15,multiwoz2.2,5,4,0,4,100,70.17,61.64,35.14,save/multiwoz2.2/hotel/4/5-cluster/best,transformer
942,23-07-29 12:18:21,multiwoz2.2,5,all,0,4,100,65.6,23.38,6.33,save/multiwoz2.2/hotel/4/5-cluster/best,transformer
